Combat simulator v3.7 output (combat_sim.py + sim_v3_runner.py; spells/quests campaign: spells_sim.py + spells_runner.py), generated 2026-10-02 18:07 PT
Curriculum v2 pools (47-60 items per location). Defaults: NEW_CAP 3 new items per battle (hard cap; v3.1 was 4), Tired at 30 questions (normal battles incl. elites) / 45 (all bosses; location boss was 40), half-up rounding in combat (Math.round, as in the spec and prototype; stat bands unchanged), speech-on trigger 20%, reading-only 40%, readiness over the location's own pool, MP regen_b, companion 20/5/100 x1.25, spoken cap 50%, light practice, 8 path fights, elites (1 scripted per realm + 10% patrol chance), nets+ unless stated.
n = 150 realm runs per row (single-battle tables: 1,500 battles per row). All sections rerun for v3.2; v3.1 outputs are in build/v3/sim_v3_1/, v3.2 with Python (half-to-even) rounding in build/v3/sim_v3_2_bankers/.
v3.3-v3.7: the v3.2 sections below were run before v3.6 (v3.5 boss stats, +1 MP regen) and are unchanged (spell/quest/boss hooks in combat_sim.py run only in campaign mode), except v3_specials, which reads the roster and was rerun with the v3.7 boss HP/ATK. Section v3_spells = whole-campaign sim (realms 1-9 chained), 150 campaigns per row; v3.6 rules (v3.5 free casts and no cast caps, plus no MP regen, boss HP tuned so a kid spending full MP on spells still needs ~15 correct answers per location boss and ~20 per realm boss (v3.7), boss ATK x0.8, no MP hints) compared with the archived v3.6 run (same code and seeds); section I = single boss-fight check. Earlier spells output: build/v3/archive_v3_3/, archive_v3_4/, archive_v3_5/ and archive_v3_6/.
Rerun: /workspace/desy/.venv/bin/python sim_v3_runner.py <section> 150; spells/quests: PYTHONPATH=. /workspace/desy/.venv/bin/python spells_runner.py 150

==== v3f_realms ====

### Per-realm summary, v3 defaults (light practice, readiness over own pool, 25% / 40% trigger, 8 path fights, MP regen, companion, spoken cap 50%, elites)

| tier | speech | kid | acc | patrols per location | battle questions per location | minutes per location | defeat rate | battles between restores | items proficient at boss |
|---|---|---|---|---|---|---|---|---|---|
| 1 | on | saver | 0.65 | 9.89 | 258 | 47.84 | 0.00 | 4.56 | 0.25 |
| 1 | on | saver | 0.75 | 8.74 | 216 | 41.49 | 0.00 | 6.27 | 0.25 |
| 1 | on | spender | 0.65 | 2.00 | 151 | 31.52 | 0.00 | 4.20 | 0.11 |
| 1 | on | spender | 0.75 | 2.00 | 137 | 29.33 | 0.00 | 5.72 | 0.13 |
| 1 | off | saver | 0.65 | 2.88 | 151 | 31.50 | 0.00 | 5.09 | 0.55 |
| 1 | off | saver | 0.75 | 1.99 | 125 | 27.49 | 0.00 | 7.55 | 0.57 |
| 1 | off | spender | 0.65 | 1.80 | 138 | 29.42 | 0.00 | 5.02 | 0.49 |
| 1 | off | spender | 0.75 | 1.40 | 119 | 26.65 | 0.00 | 7.36 | 0.54 |
| 2 | on | saver | 0.65 | 12.35 | 297 | 55.36 | 0.00 | 4.02 | 0.23 |
| 2 | on | saver | 0.75 | 11.10 | 252 | 48.52 | 0.00 | 6.41 | 0.23 |
| 2 | on | spender | 0.65 | 2.00 | 159 | 34.18 | 0.00 | 3.60 | 0.08 |
| 2 | on | spender | 0.75 | 2.00 | 142 | 31.63 | 0.00 | 5.52 | 0.09 |
| 2 | off | saver | 0.65 | 5.10 | 186 | 38.28 | 0.00 | 4.80 | 0.49 |
| 2 | off | saver | 0.75 | 3.93 | 152 | 33.06 | 0.00 | 8.87 | 0.50 |
| 2 | off | spender | 0.65 | 1.98 | 147 | 32.42 | 0.00 | 4.60 | 0.38 |
| 2 | off | spender | 0.75 | 1.96 | 131 | 29.97 | 0.00 | 7.89 | 0.42 |
| 3 | on | saver | 0.65 | 9.92 | 340 | 61.02 | 0.00 | 2.85 | 0.23 |
| 3 | on | saver | 0.75 | 9.18 | 291 | 53.57 | 0.00 | 4.09 | 0.23 |
| 3 | on | spender | 0.65 | 2.00 | 201 | 39.74 | 0.01 | 2.56 | 0.09 |
| 3 | on | spender | 0.75 | 2.00 | 177 | 36.02 | 0.00 | 3.84 | 0.10 |
| 3 | off | saver | 0.65 | 3.28 | 207 | 40.69 | 0.00 | 3.29 | 0.52 |
| 3 | off | saver | 0.75 | 2.48 | 169 | 34.89 | 0.00 | 5.10 | 0.53 |
| 3 | off | spender | 0.65 | 1.96 | 184 | 37.19 | 0.00 | 3.18 | 0.45 |
| 3 | off | spender | 0.75 | 1.79 | 160 | 33.51 | 0.00 | 5.03 | 0.49 |
| 4 | on | saver | 0.65 | 7.60 | 319 | 56.91 | 0.02 | 2.55 | 0.25 |
| 4 | on | saver | 0.75 | 6.84 | 270 | 49.30 | 0.00 | 3.79 | 0.25 |
| 4 | on | spender | 0.65 | 2.00 | 215 | 40.85 | 0.03 | 2.27 | 0.13 |
| 4 | on | spender | 0.75 | 2.00 | 190 | 37.15 | 0.00 | 3.45 | 0.14 |
| 4 | off | saver | 0.65 | 1.64 | 193 | 37.54 | 0.01 | 2.96 | 0.55 |
| 4 | off | saver | 0.75 | 0.97 | 158 | 32.20 | 0.00 | 4.84 | 0.56 |
| 4 | off | spender | 0.65 | 1.38 | 188 | 36.77 | 0.01 | 2.93 | 0.54 |
| 4 | off | spender | 0.75 | 0.91 | 157 | 32.06 | 0.00 | 4.90 | 0.56 |
| 5 | on | saver | 0.65 | 7.56 | 321 | 57.08 | 0.02 | 2.61 | 0.25 |
| 5 | on | saver | 0.75 | 6.76 | 274 | 49.89 | 0.00 | 3.71 | 0.25 |
| 5 | on | spender | 0.65 | 2.00 | 221 | 41.69 | 0.04 | 2.27 | 0.14 |
| 5 | on | spender | 0.75 | 2.00 | 193 | 37.44 | 0.01 | 3.33 | 0.14 |
| 5 | off | saver | 0.65 | 1.53 | 192 | 37.34 | 0.01 | 3.07 | 0.52 |
| 5 | off | saver | 0.75 | 0.81 | 160 | 32.37 | 0.00 | 4.70 | 0.54 |
| 5 | off | spender | 0.65 | 1.20 | 188 | 36.62 | 0.01 | 2.76 | 0.52 |
| 5 | off | spender | 0.75 | 0.74 | 158 | 32.09 | 0.00 | 4.46 | 0.53 |
| 6 | on | saver | 0.65 | 7.64 | 364 | 65.78 | 0.02 | 2.20 | 0.23 |
| 6 | on | saver | 0.75 | 6.90 | 312 | 57.77 | 0.00 | 3.20 | 0.23 |
| 6 | on | spender | 0.65 | 2.00 | 246 | 47.67 | 0.06 | 1.94 | 0.12 |
| 6 | on | spender | 0.75 | 2.00 | 214 | 42.83 | 0.00 | 2.88 | 0.13 |
| 6 | off | saver | 0.65 | 2.25 | 229 | 45.13 | 0.01 | 2.73 | 0.50 |
| 6 | off | saver | 0.75 | 1.51 | 188 | 38.87 | 0.00 | 4.15 | 0.51 |
| 6 | off | spender | 0.65 | 1.75 | 220 | 43.66 | 0.02 | 2.47 | 0.48 |
| 6 | off | spender | 0.75 | 1.38 | 188 | 38.75 | 0.00 | 4.09 | 0.51 |
| 7 | on | saver | 0.65 | 11.30 | 448 | 78.54 | 0.03 | 2.34 | 0.24 |
| 7 | on | saver | 0.75 | 10.13 | 379 | 67.91 | 0.01 | 3.47 | 0.24 |
| 7 | on | spender | 0.65 | 2.00 | 253 | 48.63 | 0.07 | 1.99 | 0.09 |
| 7 | on | spender | 0.75 | 2.00 | 219 | 43.44 | 0.01 | 3.04 | 0.09 |
| 7 | off | saver | 0.65 | 4.05 | 269 | 51.13 | 0.01 | 2.85 | 0.55 |
| 7 | off | saver | 0.75 | 2.86 | 217 | 43.03 | 0.00 | 4.42 | 0.56 |
| 7 | off | spender | 0.65 | 1.97 | 228 | 44.74 | 0.02 | 2.54 | 0.45 |
| 7 | off | spender | 0.75 | 1.87 | 198 | 40.19 | 0.00 | 4.28 | 0.51 |
| 8 | on | saver | 0.65 | 9.93 | 423 | 73.48 | 0.04 | 2.31 | 0.25 |
| 8 | on | saver | 0.75 | 9.06 | 359 | 63.72 | 0.00 | 3.48 | 0.25 |
| 8 | on | spender | 0.65 | 2.00 | 252 | 47.27 | 0.06 | 1.97 | 0.10 |
| 8 | on | spender | 0.75 | 2.00 | 220 | 42.40 | 0.01 | 3.00 | 0.11 |
| 8 | off | saver | 0.65 | 2.69 | 242 | 45.71 | 0.01 | 2.82 | 0.55 |
| 8 | off | saver | 0.75 | 1.76 | 196 | 38.70 | 0.00 | 4.28 | 0.56 |
| 8 | off | spender | 0.65 | 1.86 | 226 | 43.30 | 0.02 | 2.60 | 0.51 |
| 8 | off | spender | 0.75 | 1.41 | 189 | 37.70 | 0.00 | 4.08 | 0.54 |
| 9 | on | saver | 0.65 | 9.03 | 397 | 68.88 | 0.03 | 2.00 | 0.24 |
| 9 | on | saver | 0.75 | 8.09 | 336 | 59.67 | 0.00 | 2.88 | 0.25 |
| 9 | on | spender | 0.65 | 2.00 | 247 | 46.00 | 0.06 | 1.76 | 0.11 |
| 9 | on | spender | 0.75 | 2.00 | 218 | 41.49 | 0.01 | 2.54 | 0.11 |
| 9 | off | saver | 0.65 | 2.33 | 233 | 43.77 | 0.01 | 2.36 | 0.56 |
| 9 | off | saver | 0.75 | 1.46 | 189 | 37.09 | 0.00 | 3.53 | 0.57 |
| 9 | off | spender | 0.65 | 1.76 | 221 | 42.02 | 0.02 | 2.26 | 0.52 |
| 9 | off | spender | 0.75 | 1.28 | 186 | 36.62 | 0.00 | 3.41 | 0.56 |

==== v3f_learn ====

### Boss-approach patrols and time per location, v3 defaults (curriculum v2 pools, readiness over the location's own pool, trigger 25% speech on / 40% reading-only, 8 path fights). saver = trains until the trigger clears (cap 40); spender = goes to the boss after the 2 forced patrols

| kid | tier | acc | speech | practice | patrols per location | p90 patrols | battle questions per location | minutes per location | items proficient at end | defeat rate |
|---|---|---|---|---|---|---|---|---|---|---|
| saver | 1 | 0.50 | on | none | 15.56 | 17.33 | 384 | 58.80 | 0.24 | 0.00 |
| saver | 1 | 0.50 | on | light | 12.78 | 15.00 | 344 | 61.12 | 0.25 | 0.00 |
| saver | 1 | 0.50 | on | full | 10.18 | 11.67 | 301 | 62.87 | 0.25 | 0.00 |
| saver | 1 | 0.65 | on | none | 12.75 | 14.67 | 294 | 45.10 | 0.24 | 0.00 |
| saver | 1 | 0.65 | on | light | 9.82 | 11.33 | 255 | 47.44 | 0.25 | 0.00 |
| saver | 1 | 0.65 | on | full | 6.76 | 8.33 | 216 | 49.77 | 0.26 | 0.00 |
| saver | 1 | 0.75 | on | none | 11.96 | 13.33 | 257 | 39.43 | 0.24 | 0.00 |
| saver | 1 | 0.75 | on | light | 8.70 | 10.00 | 216 | 41.41 | 0.25 | 0.00 |
| saver | 1 | 0.75 | on | full | 5.23 | 6.67 | 177 | 43.77 | 0.26 | 0.00 |
| saver | 1 | 0.90 | on | none | 11.54 | 13.00 | 214 | 32.80 | 0.25 | 0.00 |
| saver | 1 | 0.90 | on | light | 7.72 | 9.00 | 172 | 34.76 | 0.26 | 0.00 |
| saver | 1 | 0.90 | on | full | 3.53 | 4.67 | 131 | 36.78 | 0.27 | 0.00 |
| saver | 1 | 0.50 | off | none | 9.12 | 10.67 | 272 | 41.76 | 0.49 | 0.00 |
| saver | 1 | 0.50 | off | light | 5.10 | 6.33 | 212 | 40.78 | 0.52 | 0.00 |
| saver | 1 | 0.50 | off | full | 5.07 | 6.00 | 211 | 40.62 | 0.52 | 0.00 |
| saver | 1 | 0.65 | off | none | 7.41 | 8.67 | 211 | 32.32 | 0.49 | 0.00 |
| saver | 1 | 0.65 | off | light | 2.86 | 4.00 | 152 | 31.64 | 0.55 | 0.00 |
| saver | 1 | 0.65 | off | full | 3.06 | 4.33 | 153 | 31.77 | 0.55 | 0.00 |
| saver | 1 | 0.75 | off | none | 6.89 | 8.00 | 183 | 28.11 | 0.49 | 0.00 |
| saver | 1 | 0.75 | off | light | 1.92 | 3.00 | 125 | 27.43 | 0.57 | 0.00 |
| saver | 1 | 0.75 | off | full | 1.94 | 2.67 | 124 | 27.38 | 0.57 | 0.00 |
| saver | 1 | 0.90 | off | none | 6.83 | 8.00 | 151 | 23.20 | 0.49 | 0.00 |
| saver | 1 | 0.90 | off | light | 0.90 | 1.67 | 94.62 | 22.84 | 0.59 | 0.00 |
| saver | 1 | 0.90 | off | full | 0.97 | 1.67 | 94.44 | 22.81 | 0.59 | 0.00 |
| saver | 2 | 0.50 | on | none | 18.07 | 20.50 | 441 | 67.61 | 0.22 | 0.01 |
| saver | 2 | 0.50 | on | light | 15.14 | 17.50 | 397 | 70.72 | 0.23 | 0.01 |
| saver | 2 | 0.50 | on | full | 12.64 | 15.50 | 352 | 73.62 | 0.23 | 0.01 |
| saver | 2 | 0.65 | on | none | 15.29 | 18.00 | 339 | 52.01 | 0.23 | 0.00 |
| saver | 2 | 0.65 | on | light | 12.22 | 14.00 | 297 | 55.31 | 0.23 | 0.00 |
| saver | 2 | 0.65 | on | full | 8.98 | 11.50 | 250 | 58.07 | 0.23 | 0.00 |
| saver | 2 | 0.75 | on | none | 14.54 | 16.50 | 295 | 45.27 | 0.23 | 0.00 |
| saver | 2 | 0.75 | on | light | 10.82 | 13.00 | 253 | 48.58 | 0.23 | 0.00 |
| saver | 2 | 0.75 | on | full | 7.09 | 8.50 | 206 | 51.26 | 0.23 | 0.00 |
| saver | 2 | 0.90 | on | none | 13.77 | 16.00 | 246 | 37.68 | 0.23 | 0.00 |
| saver | 2 | 0.90 | on | light | 9.76 | 11.50 | 201 | 40.68 | 0.23 | 0.00 |
| saver | 2 | 0.90 | on | full | 5.38 | 7.00 | 156 | 43.66 | 0.24 | 0.00 |
| saver | 2 | 0.50 | off | none | 12.44 | 14.50 | 332 | 50.84 | 0.45 | 0.00 |
| saver | 2 | 0.50 | off | light | 7.70 | 9.50 | 259 | 49.52 | 0.47 | 0.00 |
| saver | 2 | 0.50 | off | full | 7.68 | 9.50 | 257 | 49.18 | 0.48 | 0.00 |
| saver | 2 | 0.65 | off | none | 10.50 | 12.50 | 257 | 39.42 | 0.46 | 0.00 |
| saver | 2 | 0.65 | off | light | 5.05 | 6.50 | 184 | 38.09 | 0.49 | 0.00 |
| saver | 2 | 0.65 | off | full | 4.94 | 6.50 | 185 | 38.24 | 0.49 | 0.00 |
| saver | 2 | 0.75 | off | none | 9.82 | 12.00 | 223 | 34.21 | 0.46 | 0.00 |
| saver | 2 | 0.75 | off | light | 3.81 | 5.00 | 151 | 33.02 | 0.50 | 0.00 |
| saver | 2 | 0.75 | off | full | 3.79 | 5.00 | 152 | 33.15 | 0.50 | 0.00 |
| saver | 2 | 0.90 | off | none | 9.65 | 11.00 | 185 | 28.44 | 0.45 | 0.00 |
| saver | 2 | 0.90 | off | light | 2.65 | 3.50 | 114 | 27.31 | 0.51 | 0.00 |
| saver | 2 | 0.90 | off | full | 2.66 | 4.00 | 114 | 27.30 | 0.51 | 0.00 |
| saver | 5 | 0.50 | on | none | 11.86 | 14.00 | 477 | 73.11 | 0.25 | 0.15 |
| saver | 5 | 0.50 | on | light | 9.89 | 12.00 | 440 | 75.28 | 0.25 | 0.14 |
| saver | 5 | 0.50 | on | full | 7.77 | 9.50 | 388 | 75.09 | 0.25 | 0.13 |
| saver | 5 | 0.65 | on | none | 9.79 | 11.50 | 367 | 56.23 | 0.24 | 0.03 |
| saver | 5 | 0.65 | on | light | 7.46 | 9.00 | 318 | 56.62 | 0.25 | 0.02 |
| saver | 5 | 0.65 | on | full | 4.98 | 6.50 | 274 | 57.73 | 0.26 | 0.02 |
| saver | 5 | 0.75 | on | none | 9.01 | 10.50 | 317 | 48.60 | 0.24 | 0.00 |
| saver | 5 | 0.75 | on | light | 6.80 | 8.50 | 274 | 49.78 | 0.25 | 0.00 |
| saver | 5 | 0.75 | on | full | 3.90 | 5.00 | 227 | 50.47 | 0.25 | 0.00 |
| saver | 5 | 0.90 | on | none | 9.04 | 10.50 | 265 | 40.61 | 0.24 | 0.00 |
| saver | 5 | 0.90 | on | light | 6.07 | 7.50 | 220 | 41.63 | 0.25 | 0.00 |
| saver | 5 | 0.90 | on | full | 2.85 | 4.00 | 172 | 42.10 | 0.26 | 0.00 |
| saver | 5 | 0.50 | off | none | 6.37 | 7.50 | 338 | 51.79 | 0.49 | 0.09 |
| saver | 5 | 0.50 | off | light | 3.03 | 4.50 | 269 | 49.10 | 0.52 | 0.08 |
| saver | 5 | 0.50 | off | full | 3.08 | 4.50 | 270 | 49.29 | 0.52 | 0.09 |
| saver | 5 | 0.65 | off | none | 5.17 | 6.00 | 263 | 40.32 | 0.49 | 0.01 |
| saver | 5 | 0.65 | off | light | 1.48 | 2.50 | 192 | 37.23 | 0.52 | 0.01 |
| saver | 5 | 0.65 | off | full | 1.44 | 2.50 | 192 | 37.30 | 0.52 | 0.01 |
| saver | 5 | 0.75 | off | none | 4.87 | 6.00 | 227 | 34.74 | 0.49 | 0.00 |
| saver | 5 | 0.75 | off | light | 0.84 | 1.50 | 160 | 32.32 | 0.54 | 0.00 |
| saver | 5 | 0.75 | off | full | 0.78 | 1.50 | 157 | 31.98 | 0.54 | 0.00 |
| saver | 5 | 0.90 | off | none | 4.72 | 5.50 | 186 | 28.58 | 0.49 | 0.00 |
| saver | 5 | 0.90 | off | light | 0.36 | 1.00 | 124 | 26.92 | 0.56 | 0.00 |
| saver | 5 | 0.90 | off | full | 0.29 | 1.00 | 124 | 26.83 | 0.55 | 0.00 |
| saver | 9 | 0.50 | on | none | 13.05 | 15.50 | 586 | 89.78 | 0.24 | 0.19 |
| saver | 9 | 0.50 | on | light | 10.97 | 13.00 | 534 | 89.89 | 0.24 | 0.18 |
| saver | 9 | 0.50 | on | full | 8.58 | 10.50 | 485 | 90.50 | 0.25 | 0.19 |
| saver | 9 | 0.65 | on | none | 11.31 | 13.00 | 449 | 68.80 | 0.24 | 0.03 |
| saver | 9 | 0.65 | on | light | 8.90 | 10.50 | 396 | 68.87 | 0.24 | 0.03 |
| saver | 9 | 0.65 | on | full | 6.23 | 8.00 | 337 | 67.82 | 0.25 | 0.03 |
| saver | 9 | 0.75 | on | none | 10.70 | 12.00 | 388 | 59.43 | 0.24 | 0.00 |
| saver | 9 | 0.75 | on | light | 8.06 | 9.00 | 336 | 59.63 | 0.24 | 0.00 |
| saver | 9 | 0.75 | on | full | 5.27 | 6.00 | 281 | 59.20 | 0.25 | 0.00 |
| saver | 9 | 0.90 | on | none | 10.73 | 12.00 | 329 | 50.46 | 0.24 | 0.00 |
| saver | 9 | 0.90 | on | light | 7.76 | 9.00 | 275 | 50.32 | 0.25 | 0.00 |
| saver | 9 | 0.90 | on | full | 4.12 | 5.00 | 217 | 49.38 | 0.25 | 0.00 |
| saver | 9 | 0.50 | off | none | 7.84 | 9.00 | 419 | 64.24 | 0.54 | 0.12 |
| saver | 9 | 0.50 | off | light | 4.02 | 5.50 | 330 | 58.69 | 0.56 | 0.11 |
| saver | 9 | 0.50 | off | full | 4.01 | 5.00 | 331 | 58.76 | 0.56 | 0.11 |
| saver | 9 | 0.65 | off | none | 6.77 | 7.50 | 328 | 50.22 | 0.54 | 0.01 |
| saver | 9 | 0.65 | off | light | 2.35 | 3.00 | 232 | 43.70 | 0.56 | 0.01 |
| saver | 9 | 0.65 | off | full | 2.49 | 3.50 | 236 | 44.27 | 0.57 | 0.01 |
| saver | 9 | 0.75 | off | none | 6.46 | 7.00 | 281 | 43.10 | 0.54 | 0.00 |
| saver | 9 | 0.75 | off | light | 1.55 | 2.50 | 190 | 37.17 | 0.57 | 0.00 |
| saver | 9 | 0.75 | off | full | 1.48 | 2.00 | 190 | 37.14 | 0.57 | 0.00 |
| saver | 9 | 0.90 | off | none | 6.49 | 7.00 | 234 | 35.83 | 0.55 | 0.00 |
| saver | 9 | 0.90 | off | light | 0.61 | 1.00 | 144 | 30.15 | 0.60 | 0.00 |
| saver | 9 | 0.90 | off | full | 0.62 | 1.00 | 144 | 30.20 | 0.60 | 0.00 |
| spender | 1 | 0.50 | on | light | 2.00 | 2.00 | 179 | 35.73 | 0.08 | 0.00 |
| spender | 1 | 0.65 | on | light | 2.00 | 2.00 | 152 | 31.64 | 0.11 | 0.00 |
| spender | 1 | 0.75 | on | light | 2.00 | 2.00 | 137 | 29.34 | 0.13 | 0.00 |
| spender | 1 | 0.90 | on | light | 2.00 | 2.00 | 115 | 26.04 | 0.14 | 0.00 |
| spender | 1 | 0.50 | off | light | 1.98 | 2.00 | 168 | 34.07 | 0.40 | 0.00 |
| spender | 1 | 0.65 | off | light | 1.79 | 2.00 | 138 | 29.53 | 0.49 | 0.00 |
| spender | 1 | 0.75 | off | light | 1.51 | 2.00 | 119 | 26.61 | 0.54 | 0.00 |
| spender | 1 | 0.90 | off | light | 0.85 | 1.33 | 93.28 | 22.64 | 0.58 | 0.00 |
| spender | 2 | 0.50 | on | light | 2.00 | 2.00 | 186 | 38.40 | 0.06 | 0.02 |
| spender | 2 | 0.65 | on | light | 2.00 | 2.00 | 160 | 34.32 | 0.08 | 0.00 |
| spender | 2 | 0.75 | on | light | 2.00 | 2.00 | 142 | 31.58 | 0.09 | 0.00 |
| spender | 2 | 0.90 | on | light | 2.00 | 2.00 | 122 | 28.54 | 0.10 | 0.00 |
| spender | 2 | 0.50 | off | light | 2.00 | 2.00 | 175 | 36.67 | 0.31 | 0.01 |
| spender | 2 | 0.65 | off | light | 1.99 | 2.00 | 148 | 32.57 | 0.38 | 0.00 |
| spender | 2 | 0.75 | off | light | 1.94 | 2.00 | 133 | 30.17 | 0.42 | 0.00 |
| spender | 2 | 0.90 | off | light | 1.77 | 2.00 | 107 | 26.27 | 0.47 | 0.00 |
| spender | 5 | 0.50 | on | light | 2.00 | 2.00 | 289 | 52.16 | 0.12 | 0.22 |
| spender | 5 | 0.65 | on | light | 2.00 | 2.00 | 221 | 41.69 | 0.13 | 0.04 |
| spender | 5 | 0.75 | on | light | 2.00 | 2.00 | 194 | 37.58 | 0.14 | 0.01 |
| spender | 5 | 0.90 | on | light | 2.00 | 2.00 | 161 | 32.59 | 0.15 | 0.00 |
| spender | 5 | 0.50 | off | light | 1.79 | 2.00 | 251 | 46.25 | 0.47 | 0.13 |
| spender | 5 | 0.65 | off | light | 1.32 | 2.00 | 189 | 36.87 | 0.51 | 0.01 |
| spender | 5 | 0.75 | off | light | 0.73 | 1.50 | 158 | 32.07 | 0.54 | 0.00 |
| spender | 5 | 0.90 | off | light | 0.31 | 1.00 | 125 | 26.97 | 0.55 | 0.00 |
| spender | 9 | 0.50 | on | light | 2.00 | 2.00 | 350 | 61.77 | 0.12 | 0.31 |
| spender | 9 | 0.65 | on | light | 2.00 | 2.00 | 251 | 46.55 | 0.11 | 0.06 |
| spender | 9 | 0.75 | on | light | 2.00 | 2.00 | 218 | 41.46 | 0.11 | 0.01 |
| spender | 9 | 0.90 | on | light | 2.00 | 2.00 | 182 | 35.96 | 0.11 | 0.00 |
| spender | 9 | 0.50 | off | light | 1.89 | 2.00 | 301 | 54.24 | 0.49 | 0.20 |
| spender | 9 | 0.65 | off | light | 1.77 | 2.00 | 221 | 42.04 | 0.53 | 0.02 |
| spender | 9 | 0.75 | off | light | 1.24 | 2.00 | 185 | 36.51 | 0.55 | 0.00 |
| spender | 9 | 0.90 | off | light | 0.58 | 1.00 | 143 | 30.04 | 0.59 | 0.00 |

==== v3f_econ ====

### Economy / death spiral, v3 defaults (MP regen_b, companion on, spoken cap 50%, light practice, v2 pools)

| kid | nets | tier | acc | speech | in-battle acc | battles | defeat rate | battles between restores | inn paid | inn free | stuck | gold hit 0 (runs) | min gold (median) | gold @10 | gold @20 | end gold | gear gold | upkeep share | minutes per location |
|---|---|---|---|---|---|---|---|---|---|---|---|---|---|---|---|---|---|---|---|
| spender | none | 1 | 0.50 | on | 0.46 | 34.64 | 0.05 | 3.77 | 6.93 | 0 | 8.15 | 0.09 | 5.83 | 26.88 | 10.12 | 5.31 | 446 | 0.16 | 36.31 |
| spender | none | 1 | 0.65 | on | 0.61 | 33.24 | 0.01 | 5.91 | 4.79 | 0 | 7.11 | 0.03 | 6.75 | 26.06 | 8.97 | 6.45 | 472 | 0.11 | 31.96 |
| spender | none | 1 | 0.75 | on | 0.71 | 33.02 | 0.00 | 7.71 | 3.65 | 0 | 5.11 | 0.01 | 7.08 | 21.66 | 9.25 | 7.09 | 478 | 0.09 | 29.29 |
| spender | none | 1 | 0.90 | on | 0.85 | 33 | 0.00 | 14.07 | 1.71 | 0 | 2.77 | 0.00 | 7.39 | 15.23 | 9.60 | 7.25 | 510 | 0.04 | 26.15 |
| spender | none | 1 | 0.50 | off | 0.52 | 33.85 | 0.03 | 4.33 | 6.35 | 0 | 7.89 | 0.02 | 6.54 | 28.22 | 10.20 | 6.16 | 451 | 0.15 | 34.31 |
| spender | none | 1 | 0.65 | off | 0.67 | 32.41 | 0.00 | 6.62 | 4.25 | 0 | 5.59 | 0.00 | 7.20 | 17.43 | 10.51 | 6.85 | 473 | 0.10 | 29.89 |
| spender | none | 1 | 0.75 | off | 0.77 | 31.39 | 0.00 | 9.41 | 2.63 | 0 | 4.19 | 0.00 | 7.17 | 12.80 | 8.00 | 7.37 | 479 | 0.06 | 26.91 |
| spender | none | 1 | 0.90 | off | 0.93 | 29.53 | 0.00 | 19.92 | 0.83 | 0 | 1.21 | 0.00 | 7.24 | 9.86 | 9.29 | 8.66 | 479 | 0.02 | 22.62 |
| spender | none | 2 | 0.50 | on | 0.46 | 24.21 | 0.11 | 2.67 | 6.04 | 0 | 4.75 | 0.08 | 12.52 | 49.33 | 20.92 | 10.77 | 595 | 0.20 | 39.59 |
| spender | none | 2 | 0.65 | on | 0.61 | 22.51 | 0.03 | 4.49 | 3.86 | 0 | 4.04 | 0.03 | 14.75 | 55.38 | 16.84 | 14.68 | 648 | 0.13 | 34.61 |
| spender | none | 2 | 0.75 | on | 0.70 | 22.07 | 0.00 | 6.80 | 2.45 | 0 | 2.77 | 0.00 | 15.27 | 37.94 | 18.88 | 13.06 | 681 | 0.08 | 31.93 |
| spender | none | 2 | 0.90 | on | 0.85 | 22 | 0.00 | 13.80 | 0.66 | 0 | 0.85 | 0.00 | 16.98 | 34.93 | 16.74 | 19.28 | 725 | 0.02 | 28.08 |
| spender | none | 2 | 0.50 | off | 0.51 | 23.36 | 0.07 | 3.09 | 5.49 | 0 | 4.58 | 0.01 | 13.99 | 54.72 | 19.12 | 10.82 | 609 | 0.19 | 37.56 |
| spender | none | 2 | 0.65 | off | 0.66 | 22.10 | 0.01 | 5.66 | 3.13 | 0 | 3.30 | 0.00 | 15.18 | 48.02 | 18.89 | 15.91 | 662 | 0.11 | 32.70 |
| spender | none | 2 | 0.75 | off | 0.77 | 21.88 | 0.00 | 9.22 | 1.57 | 0 | 2.15 | 0.00 | 15.94 | 31.06 | 16.03 | 15.97 | 701 | 0.05 | 30.00 |
| spender | none | 2 | 0.90 | off | 0.92 | 21.40 | 0.00 | 15.95 | 0.15 | 0 | 0.21 | 0.00 | 16.77 | 23.62 | 17.71 | 15.77 | 718 | 0.01 | 26.23 |
| spender | none | 5 | 0.50 | on | 0.46 | 30.95 | 0.33 | 1.44 | 10.85 | 0 | 3.21 | 0.01 | 39.81 | 485 | 177 | 24.71 | 2384 | 0.23 | 56.98 |
| spender | none | 5 | 0.65 | on | 0.61 | 24.07 | 0.10 | 2.44 | 7.01 | 0 | 3.39 | 0.01 | 68.87 | 219 | 59.03 | 31.23 | 2574 | 0.17 | 42.81 |
| spender | none | 5 | 0.75 | on | 0.70 | 22.54 | 0.03 | 3.82 | 4.71 | 0 | 3.02 | 0.00 | 79.91 | 293 | 55.48 | 40.82 | 2744 | 0.11 | 38.16 |
| spender | none | 5 | 0.90 | on | 0.85 | 22 | 0.00 | 8.72 | 1.71 | 0 | 1.58 | 0.00 | 90.69 | 335 | 49.67 | 45.67 | 2929 | 0.04 | 32.73 |
| spender | none | 5 | 0.50 | off | 0.51 | 26.34 | 0.22 | 1.68 | 9.40 | 0 | 3.08 | 0.00 | 47.73 | 190 | 109 | 30.50 | 2391 | 0.22 | 48.21 |
| spender | none | 5 | 0.65 | off | 0.67 | 21.43 | 0.05 | 3.14 | 5.19 | 0 | 3.23 | 0.00 | 77.42 | 222 | 49.16 | 31.28 | 2559 | 0.13 | 37.83 |
| spender | none | 5 | 0.75 | off | 0.77 | 19.69 | 0.00 | 4.74 | 3.13 | 0 | 1.97 | 0.00 | 93.40 | 214 | 55.55 | 49.46 | 2583 | 0.08 | 32.36 |
| spender | none | 5 | 0.90 | off | 0.92 | 18.70 | 0.00 | 10.51 | 0.53 | 0 | 0.45 | 0.00 | 92.54 | 199 | 53.91 | 53.20 | 2681 | 0.01 | 26.93 |
| spender | none | 9 | 0.50 | on | 0.46 | 33.73 | 0.40 | 1.23 | 13.48 | 0 | 2.18 | 0.01 | 103 | 1265 | 791 | 56.93 | 5156 | 0.25 | 66.00 |
| spender | none | 9 | 0.65 | on | 0.61 | 24.35 | 0.12 | 1.86 | 9.58 | 0 | 2.91 | 0.00 | 128 | 384 | 316 | 58.83 | 5599 | 0.20 | 47.30 |
| spender | none | 9 | 0.75 | on | 0.70 | 22.64 | 0.04 | 2.84 | 6.35 | 0 | 3.07 | 0.00 | 221 | 519 | 82.70 | 76.27 | 6027 | 0.14 | 42.29 |
| spender | none | 9 | 0.90 | on | 0.85 | 22.01 | 0.00 | 6.23 | 2.39 | 0 | 1.98 | 0.00 | 251 | 810 | 90.89 | 81.77 | 6632 | 0.05 | 35.88 |
| spender | none | 9 | 0.50 | off | 0.51 | 28.02 | 0.27 | 1.38 | 12.27 | 0 | 2.34 | 0.00 | 123 | 1313 | 492 | 53.60 | 5215 | 0.24 | 55.51 |
| spender | none | 9 | 0.65 | off | 0.66 | 22.46 | 0.06 | 2.36 | 7.62 | 0 | 2.86 | 0.00 | 185 | 480 | 99.35 | 64.87 | 5799 | 0.16 | 42.79 |
| spender | none | 9 | 0.75 | off | 0.77 | 20.45 | 0.01 | 3.61 | 4.23 | 0 | 2.43 | 0.00 | 246 | 765 | 95.38 | 100 | 5932 | 0.10 | 36.67 |
| spender | none | 9 | 0.90 | off | 0.92 | 19.15 | 0.00 | 9.65 | 0.86 | 0 | 0.62 | 0.00 | 262 | 963 | 111 | 107 | 6069 | 0.02 | 30.12 |
| spender | nets+ | 1 | 0.50 | on | 0.46 | 33.01 | 0.00 | 2.98 | 5.08 | 5.73 | 0 | 0.00 | 7.03 | 24.29 | 10.49 | 6.82 | 464 | 0.12 | 35.56 |
| spender | nets+ | 1 | 0.65 | on | 0.61 | 33 | 0.00 | 4.13 | 3.23 | 4.50 | 0 | 0.00 | 7.37 | 21.66 | 9.52 | 8.65 | 486 | 0.08 | 31.77 |
| spender | nets+ | 1 | 0.75 | on | 0.71 | 33 | 0.00 | 5.67 | 2.41 | 3.14 | 0 | 0.00 | 7.25 | 22.89 | 9.43 | 8.80 | 498 | 0.06 | 29.43 |
| spender | nets+ | 1 | 0.90 | on | 0.85 | 32.99 | 0.00 | 11.16 | 1.09 | 1.67 | 0 | 0.00 | 7.46 | 15.18 | 9.46 | 7.66 | 514 | 0.03 | 26.12 |
| spender | nets+ | 1 | 0.50 | off | 0.52 | 32.97 | 0.00 | 3.29 | 4.41 | 5.34 | 0 | 0.00 | 7.16 | 23.79 | 10.81 | 7.56 | 476 | 0.10 | 33.82 |
| spender | nets+ | 1 | 0.65 | off | 0.67 | 32.31 | 0.00 | 4.95 | 2.65 | 3.60 | 0 | 0.00 | 7.19 | 15.08 | 8.42 | 8.73 | 484 | 0.06 | 29.48 |
| spender | nets+ | 1 | 0.75 | off | 0.78 | 31.50 | 0.00 | 7.34 | 1.73 | 2.30 | 0 | 0.00 | 7.12 | 13.06 | 8.20 | 8.17 | 490 | 0.04 | 26.73 |
| spender | nets+ | 1 | 0.90 | off | 0.93 | 29.60 | 0.00 | 16.52 | 0.59 | 0.82 | 0 | 0.00 | 7.36 | 10.45 | 8.42 | 10.34 | 479 | 0.02 | 22.62 |
| spender | nets+ | 2 | 0.50 | on | 0.46 | 22.31 | 0.02 | 2.24 | 5.55 | 3.81 | 0 | 0.00 | 15.48 | 54.46 | 20.74 | 10.69 | 600 | 0.19 | 38.09 |
| spender | nets+ | 2 | 0.65 | on | 0.61 | 22.01 | 0.00 | 3.74 | 2.85 | 2.76 | 0 | 0.00 | 16.33 | 52.42 | 16.11 | 16.08 | 669 | 0.10 | 34.06 |
| spender | nets+ | 2 | 0.75 | on | 0.70 | 22 | 0.00 | 5.82 | 1.73 | 1.77 | 0 | 0.00 | 16.52 | 38.01 | 16.74 | 16.37 | 698 | 0.06 | 31.72 |
| spender | nets+ | 2 | 0.90 | on | 0.85 | 22 | 0.00 | 13.46 | 0.56 | 0.61 | 0 | 0.00 | 16.76 | 34.81 | 19.40 | 16.86 | 723 | 0.02 | 28.22 |
| spender | nets+ | 2 | 0.50 | off | 0.51 | 22.05 | 0.00 | 2.57 | 4.63 | 3.61 | 0 | 0.00 | 15.98 | 51.43 | 18.08 | 11.64 | 631 | 0.16 | 36.50 |
| spender | nets+ | 2 | 0.65 | off | 0.67 | 21.97 | 0.00 | 4.57 | 2.38 | 2.12 | 0 | 0.00 | 15.50 | 43.73 | 16.78 | 14.24 | 685 | 0.08 | 32.30 |
| spender | nets+ | 2 | 0.75 | off | 0.77 | 21.91 | 0.00 | 7.92 | 1.22 | 1.28 | 0 | 0.00 | 16.84 | 35.29 | 21.07 | 17.03 | 703 | 0.04 | 29.74 |
| spender | nets+ | 2 | 0.90 | off | 0.92 | 21.53 | 0.00 | 17.79 | 0.11 | 0.24 | 0 | 0.00 | 16.88 | 25.28 | 17.58 | 17.65 | 720 | 0.00 | 26.07 |
| spender | nets+ | 5 | 0.50 | on | 0.46 | 27.01 | 0.21 | 1.42 | 10.57 | 2.55 | 0 | 0.00 | 87.53 | 459 | 171 | 24.66 | 2169 | 0.24 | 51.46 |
| spender | nets+ | 5 | 0.65 | on | 0.61 | 22.72 | 0.04 | 2.28 | 5.94 | 2.93 | 0 | 0.00 | 84.58 | 259 | 65.46 | 34.03 | 2620 | 0.14 | 41.46 |
| spender | nets+ | 5 | 0.75 | on | 0.70 | 22.05 | 0.00 | 3.41 | 3.93 | 2.28 | 0 | 0.00 | 88.61 | 292 | 56.56 | 48.44 | 2794 | 0.09 | 37.82 |
| spender | nets+ | 5 | 0.90 | on | 0.84 | 22 | 0.00 | 7.76 | 1.51 | 1.11 | 0 | 0.00 | 84.72 | 358 | 55.14 | 59.94 | 2952 | 0.04 | 32.72 |
| spender | nets+ | 5 | 0.50 | off | 0.51 | 24.54 | 0.14 | 1.60 | 8.88 | 2.82 | 0 | 0.00 | 84.91 | 221 | 106 | 32.87 | 2351 | 0.21 | 46.81 |
| spender | nets+ | 5 | 0.65 | off | 0.67 | 20.83 | 0.02 | 2.76 | 4.91 | 2.06 | 0 | 0.00 | 89.75 | 232 | 45.70 | 37.68 | 2549 | 0.13 | 37.14 |
| spender | nets+ | 5 | 0.75 | off | 0.77 | 19.56 | 0.00 | 4.65 | 2.48 | 1.44 | 0 | 0.00 | 94.53 | 222 | 52.35 | 46.88 | 2642 | 0.07 | 32.16 |
| spender | nets+ | 5 | 0.90 | off | 0.92 | 18.57 | 0.00 | 12.65 | 0.50 | 0.36 | 0 | 0.00 | 98.88 | 149 | 56.30 | 56.30 | 2670 | 0.01 | 27.02 |
| spender | nets+ | 9 | 0.50 | on | 0.46 | 29.99 | 0.31 | 1.20 | 14.24 | 1.55 | 0 | 0.00 | 252 | 1214 | 705 | 72.99 | 4407 | 0.27 | 61.42 |
| spender | nets+ | 9 | 0.65 | on | 0.60 | 23.16 | 0.06 | 1.72 | 9.12 | 2.65 | 0 | 0.00 | 239 | 412 | 166 | 65.39 | 5614 | 0.19 | 46.41 |
| spender | nets+ | 9 | 0.75 | on | 0.70 | 22.13 | 0.01 | 2.60 | 5.84 | 2.20 | 0 | 0.00 | 245 | 540 | 83.23 | 93.06 | 6025 | 0.13 | 41.55 |
| spender | nets+ | 9 | 0.90 | on | 0.84 | 22 | 0.00 | 5.86 | 2.19 | 1.27 | 0 | 0.00 | 247 | 891 | 85.76 | 108 | 6635 | 0.05 | 36.11 |
| spender | nets+ | 9 | 0.50 | off | 0.51 | 26.11 | 0.19 | 1.32 | 12.81 | 1.74 | 0 | 0.00 | 251 | 1311 | 590 | 66.03 | 4894 | 0.26 | 53.35 |
| spender | nets+ | 9 | 0.65 | off | 0.67 | 21.81 | 0.02 | 2.23 | 6.71 | 2.43 | 0 | 0.00 | 244 | 488 | 74.09 | 85.40 | 5821 | 0.15 | 42.08 |
| spender | nets+ | 9 | 0.75 | off | 0.77 | 20.59 | 0.00 | 3.46 | 3.95 | 1.74 | 0 | 0.00 | 251 | 777 | 113 | 113 | 6057 | 0.09 | 36.55 |
| spender | nets+ | 9 | 0.90 | off | 0.92 | 19.19 | 0.00 | 9.61 | 0.89 | 0.37 | 0 | 0.00 | 263 | 962 | 103 | 103 | 6105 | 0.02 | 30.13 |
| saver | nets+ | 1 | 0.50 | on | 0.47 | 65.68 | 0.00 | 3.35 | 19.42 | 0 | 0 | 0.00 | 19.36 | 43.20 | 35.33 | 29.14 | 597 | 0.31 | 61.29 |
| saver | nets+ | 1 | 0.65 | on | 0.61 | 57.06 | 0.00 | 4.57 | 12.26 | 0 | 0 | 0.00 | 21.42 | 43.78 | 32.82 | 31.06 | 609 | 0.20 | 47.70 |
| saver | nets+ | 1 | 0.75 | on | 0.71 | 53.16 | 0.00 | 6.25 | 8.25 | 0 | 0 | 0.00 | 22.31 | 47.03 | 31.84 | 31.79 | 616 | 0.14 | 41.55 |
| saver | nets+ | 1 | 0.90 | on | 0.85 | 49.77 | 0.00 | 13.08 | 3.60 | 0 | 0 | 0.00 | 28.17 | 47.87 | 33.00 | 32.24 | 640 | 0.06 | 34.63 |
| saver | nets+ | 1 | 0.50 | off | 0.52 | 42.42 | 0.00 | 3.51 | 11.84 | 0 | 0 | 0.00 | 21.36 | 45.52 | 33.90 | 30.77 | 448 | 0.26 | 40.61 |
| saver | nets+ | 1 | 0.65 | off | 0.67 | 35.68 | 0.00 | 4.99 | 6.87 | 0 | 0 | 0.00 | 25.11 | 42.49 | 32.66 | 32.26 | 445 | 0.16 | 31.54 |
| saver | nets+ | 1 | 0.75 | off | 0.78 | 32.82 | 0.00 | 7.39 | 4.17 | 0 | 0 | 0.00 | 25.93 | 42.55 | 32.20 | 32.55 | 450 | 0.10 | 27.47 |
| saver | nets+ | 1 | 0.90 | off | 0.93 | 29.93 | 0.00 | 16.35 | 1.51 | 0 | 0 | 0.00 | 31.34 | 39.02 | 34.02 | 32.97 | 450 | 0.04 | 22.86 |
| saver | nets+ | 2 | 0.50 | on | 0.47 | 48.98 | 0.01 | 2.56 | 18.55 | 0 | 0 | 0.00 | 39.08 | 115 | 83.69 | 53.94 | 735 | 0.42 | 69.87 |
| saver | nets+ | 2 | 0.65 | on | 0.61 | 42 | 0.00 | 4.12 | 9.97 | 0 | 0 | 0.00 | 43.31 | 93.46 | 71.11 | 57.08 | 850 | 0.24 | 55.04 |
| saver | nets+ | 2 | 0.75 | on | 0.70 | 39.81 | 0.00 | 6.43 | 5.93 | 0 | 0 | 0.00 | 48.58 | 92.86 | 67.76 | 64.03 | 923 | 0.14 | 48.62 |
| saver | nets+ | 2 | 0.90 | on | 0.85 | 37.35 | 0.00 | 17.07 | 1.87 | 0 | 0 | 0.00 | 61.06 | 102 | 64.50 | 68.42 | 975 | 0.05 | 40.81 |
| saver | nets+ | 2 | 0.50 | off | 0.51 | 33.41 | 0.00 | 2.74 | 11.87 | 0 | 0 | 0.00 | 43.01 | 113 | 66.16 | 56.73 | 613 | 0.35 | 49.43 |
| saver | nets+ | 2 | 0.65 | off | 0.67 | 28.27 | 0.00 | 4.68 | 5.73 | 0 | 0 | 0.00 | 51.26 | 85.32 | 62.49 | 65.17 | 672 | 0.18 | 38.15 |
| saver | nets+ | 2 | 0.75 | off | 0.77 | 25.99 | 0.00 | 8.74 | 2.75 | 0 | 0 | 0.00 | 60.36 | 92.12 | 67.29 | 63.64 | 701 | 0.09 | 33.07 |
| saver | nets+ | 2 | 0.90 | off | 0.92 | 23.09 | 0.00 | 18.39 | 0.34 | 0 | 0 | 0.00 | 64.39 | 98.04 | 66.71 | 66.16 | 702 | 0.01 | 27.32 |
| saver | nets+ | 5 | 0.50 | on | 0.47 | 41.13 | 0.14 | 1.69 | 18.43 | 0 | 0 | 0.00 | 151 | 521 | 377 | 118 | 2274 | 0.43 | 75.08 |
| saver | nets+ | 5 | 0.65 | on | 0.61 | 33.35 | 0.03 | 2.56 | 11.83 | 0 | 0 | 0.00 | 160 | 397 | 227 | 156 | 2898 | 0.28 | 57.44 |
| saver | nets+ | 5 | 0.75 | on | 0.71 | 31.61 | 0.00 | 3.78 | 8.07 | 0 | 0 | 0.00 | 179 | 339 | 196 | 171 | 3231 | 0.18 | 49.94 |
| saver | nets+ | 5 | 0.90 | on | 0.85 | 30.29 | 0.00 | 9.35 | 3.03 | 0 | 0 | 0.00 | 218 | 427 | 193 | 201 | 3555 | 0.06 | 41.61 |
| saver | nets+ | 5 | 0.50 | off | 0.51 | 25.84 | 0.09 | 1.86 | 11.40 | 0 | 0 | 0.00 | 189 | 586 | 399 | 136 | 1824 | 0.38 | 49.26 |
| saver | nets+ | 5 | 0.65 | off | 0.67 | 21.18 | 0.01 | 2.99 | 6.74 | 0 | 0 | 0.00 | 210 | 362 | 206 | 167 | 2262 | 0.21 | 37.35 |
| saver | nets+ | 5 | 0.75 | off | 0.77 | 19.77 | 0.00 | 4.57 | 4.09 | 0 | 0 | 0.00 | 228 | 413 | 191 | 180 | 2394 | 0.12 | 32.38 |
| saver | nets+ | 5 | 0.90 | off | 0.92 | 18.65 | 0.00 | 12.31 | 0.85 | 0 | 0 | 0.00 | 246 | 337 | 189 | 190 | 2518 | 0.02 | 26.94 |
| saver | nets+ | 9 | 0.50 | on | 0.46 | 44.51 | 0.19 | 1.41 | 23.15 | 0 | 0 | 0.00 | 367 | 1228 | 1263 | 242 | 4955 | 0.46 | 90.71 |
| saver | nets+ | 9 | 0.65 | on | 0.61 | 36.21 | 0.03 | 2.01 | 16.64 | 0 | 0 | 0.00 | 374 | 1584 | 778 | 309 | 6832 | 0.31 | 68.67 |
| saver | nets+ | 9 | 0.75 | on | 0.71 | 34.32 | 0.00 | 2.87 | 11.59 | 0 | 0 | 0.00 | 385 | 721 | 444 | 362 | 7772 | 0.20 | 59.67 |
| saver | nets+ | 9 | 0.90 | on | 0.85 | 33.29 | 0.00 | 6.75 | 4.63 | 0 | 0 | 0.00 | 441 | 825 | 417 | 398 | 8721 | 0.07 | 50.25 |
| saver | nets+ | 9 | 0.50 | off | 0.51 | 28.41 | 0.11 | 1.56 | 15.03 | 0 | 0 | 0.00 | 432 | 1300 | 997 | 316 | 4172 | 0.40 | 59.02 |
| saver | nets+ | 9 | 0.65 | off | 0.67 | 23.07 | 0.01 | 2.36 | 9.25 | 0 | 0 | 0.00 | 439 | 872 | 495 | 351 | 5320 | 0.23 | 44.12 |
| saver | nets+ | 9 | 0.75 | off | 0.77 | 20.96 | 0.00 | 3.53 | 5.64 | 0 | 0 | 0.00 | 512 | 797 | 398 | 359 | 5503 | 0.14 | 36.97 |
| saver | nets+ | 9 | 0.90 | off | 0.92 | 19.23 | 0.00 | 10.78 | 1.19 | 0 | 0 | 0.00 | 535 | 1157 | 385 | 384 | 5807 | 0.03 | 30.20 |

==== v3f_mp ====

### MP regen and cost rebalance (saver kid, nets+, companion on, spoken cap 50%)

| tier | acc | speech | MP preset | defeat rate | battles between restores | heals per battle | upkeep share | gear gold | companion attacks per battle |
|---|---|---|---|---|---|---|---|---|---|
| 1 | 0.50 | on | v2 | 0.00 | 3.32 | 0.00 | 0.31 | 596 | 1.53 |
| 1 | 0.50 | on | regen_v2costs | 0.00 | 3.34 | 0.00 | 0.30 | 599 | 1.53 |
| 1 | 0.50 | on | regen_a | 0.00 | 3.31 | 0.00 | 0.31 | 595 | 1.53 |
| 1 | 0.50 | on | regen_b | 0.00 | 3.32 | 0.00 | 0.30 | 589 | 1.52 |
| 1 | 0.50 | on | regen_c | 0.00 | 3.34 | 0.00 | 0.31 | 598 | 1.51 |
| 1 | 0.65 | on | v2 | 0.00 | 4.51 | 0.00 | 0.20 | 600 | 0.97 |
| 1 | 0.65 | on | regen_v2costs | 0.00 | 4.65 | 0.00 | 0.20 | 607 | 0.97 |
| 1 | 0.65 | on | regen_a | 0.00 | 4.55 | 0.00 | 0.20 | 611 | 0.97 |
| 1 | 0.65 | on | regen_b | 0.00 | 4.59 | 0.00 | 0.20 | 601 | 0.97 |
| 1 | 0.65 | on | regen_c | 0.00 | 4.50 | 0.00 | 0.20 | 601 | 0.98 |
| 1 | 0.75 | on | v2 | 0.00 | 6.23 | 0.00 | 0.14 | 617 | 0.66 |
| 1 | 0.75 | on | regen_v2costs | 0.00 | 6.17 | 0.00 | 0.14 | 616 | 0.66 |
| 1 | 0.75 | on | regen_a | 0.00 | 6.17 | 0.00 | 0.14 | 617 | 0.66 |
| 1 | 0.75 | on | regen_b | 0.00 | 6.19 | 0.00 | 0.14 | 615 | 0.64 |
| 1 | 0.75 | on | regen_c | 0.00 | 6.26 | 0.00 | 0.14 | 615 | 0.66 |
| 1 | 0.90 | on | v2 | 0.00 | 13.21 | 0.00 | 0.06 | 641 | 0.25 |
| 1 | 0.90 | on | regen_v2costs | 0.00 | 13.13 | 0.00 | 0.06 | 641 | 0.26 |
| 1 | 0.90 | on | regen_a | 0.00 | 13.22 | 0.00 | 0.06 | 647 | 0.25 |
| 1 | 0.90 | on | regen_b | 0.00 | 13.16 | 0.00 | 0.06 | 643 | 0.24 |
| 1 | 0.90 | on | regen_c | 0.00 | 13.20 | 0.00 | 0.06 | 637 | 0.26 |
| 1 | 0.50 | off | v2 | 0.00 | 3.44 | 0.00 | 0.26 | 446 | 1.34 |
| 1 | 0.50 | off | regen_v2costs | 0.00 | 3.51 | 0.00 | 0.25 | 451 | 1.33 |
| 1 | 0.50 | off | regen_a | 0.00 | 3.48 | 0.00 | 0.25 | 449 | 1.33 |
| 1 | 0.50 | off | regen_b | 0.00 | 3.47 | 0.00 | 0.25 | 451 | 1.32 |
| 1 | 0.50 | off | regen_c | 0.00 | 3.45 | 0.00 | 0.26 | 447 | 1.32 |
| 1 | 0.65 | off | v2 | 0.00 | 5.04 | 0.00 | 0.16 | 446 | 0.77 |
| 1 | 0.65 | off | regen_v2costs | 0.00 | 5.15 | 0.00 | 0.16 | 446 | 0.76 |
| 1 | 0.65 | off | regen_a | 0.00 | 5.05 | 0.00 | 0.16 | 444 | 0.76 |
| 1 | 0.65 | off | regen_b | 0.00 | 5.08 | 0.00 | 0.16 | 447 | 0.78 |
| 1 | 0.65 | off | regen_c | 0.00 | 5.06 | 0.00 | 0.16 | 444 | 0.76 |
| 1 | 0.75 | off | v2 | 0.00 | 7.22 | 0.00 | 0.11 | 449 | 0.48 |
| 1 | 0.75 | off | regen_v2costs | 0.00 | 7.40 | 0.00 | 0.10 | 449 | 0.47 |
| 1 | 0.75 | off | regen_a | 0.00 | 7.46 | 0.00 | 0.10 | 446 | 0.46 |
| 1 | 0.75 | off | regen_b | 0.00 | 7.45 | 0.00 | 0.10 | 447 | 0.46 |
| 1 | 0.75 | off | regen_c | 0.00 | 7.72 | 0.00 | 0.10 | 450 | 0.46 |
| 1 | 0.90 | off | v2 | 0.00 | 16.97 | 0.00 | 0.04 | 446 | 0.08 |
| 1 | 0.90 | off | regen_v2costs | 0.00 | 17.73 | 0.00 | 0.04 | 453 | 0.08 |
| 1 | 0.90 | off | regen_a | 0.00 | 17.68 | 0.00 | 0.03 | 450 | 0.09 |
| 1 | 0.90 | off | regen_b | 0.00 | 16.73 | 0.00 | 0.04 | 449 | 0.09 |
| 1 | 0.90 | off | regen_c | 0.00 | 16.59 | 0.00 | 0.04 | 447 | 0.09 |
| 2 | 0.50 | on | v2 | 0.00 | 2.24 | 0.21 | 0.47 | 671 | 1.59 |
| 2 | 0.50 | on | regen_v2costs | 0.01 | 2.96 | 0.41 | 0.37 | 792 | 1.61 |
| 2 | 0.50 | on | regen_a | 0.01 | 2.50 | 0.22 | 0.44 | 714 | 1.59 |
| 2 | 0.50 | on | regen_b | 0.01 | 2.49 | 0.17 | 0.43 | 721 | 1.58 |
| 2 | 0.50 | on | regen_c | 0.01 | 2.41 | 0.06 | 0.44 | 707 | 1.55 |
| 2 | 0.65 | on | v2 | 0.00 | 3.10 | 0.05 | 0.30 | 798 | 1.02 |
| 2 | 0.65 | on | regen_v2costs | 0.00 | 4.79 | 0.17 | 0.21 | 896 | 1.04 |
| 2 | 0.65 | on | regen_a | 0.00 | 4.10 | 0.11 | 0.24 | 868 | 1.02 |
| 2 | 0.65 | on | regen_b | 0.00 | 4.12 | 0.09 | 0.24 | 865 | 1.01 |
| 2 | 0.65 | on | regen_c | 0.00 | 3.86 | 0.03 | 0.25 | 853 | 1.00 |
| 2 | 0.75 | on | v2 | 0.00 | 4.24 | 0.01 | 0.21 | 851 | 0.70 |
| 2 | 0.75 | on | regen_v2costs | 0.00 | 6.88 | 0.06 | 0.13 | 929 | 0.71 |
| 2 | 0.75 | on | regen_a | 0.00 | 6.59 | 0.05 | 0.14 | 915 | 0.70 |
| 2 | 0.75 | on | regen_b | 0.00 | 6.34 | 0.04 | 0.14 | 917 | 0.71 |
| 2 | 0.75 | on | regen_c | 0.00 | 5.71 | 0.01 | 0.16 | 903 | 0.70 |
| 2 | 0.90 | on | v2 | 0.00 | 8.71 | 0.00 | 0.09 | 943 | 0.33 |
| 2 | 0.90 | on | regen_v2costs | 0.00 | 18.30 | 0.00 | 0.04 | 966 | 0.31 |
| 2 | 0.90 | on | regen_a | 0.00 | 18.46 | 0.00 | 0.04 | 973 | 0.30 |
| 2 | 0.90 | on | regen_b | 0.00 | 17.67 | 0.00 | 0.05 | 970 | 0.31 |
| 2 | 0.90 | on | regen_c | 0.00 | 17.26 | 0.00 | 0.04 | 969 | 0.32 |
| 2 | 0.50 | off | v2 | 0.00 | 2.43 | 0.15 | 0.38 | 593 | 1.38 |
| 2 | 0.50 | off | regen_v2costs | 0.00 | 3.37 | 0.32 | 0.29 | 651 | 1.41 |
| 2 | 0.50 | off | regen_a | 0.00 | 2.79 | 0.18 | 0.35 | 618 | 1.39 |
| 2 | 0.50 | off | regen_b | 0.00 | 2.81 | 0.15 | 0.34 | 614 | 1.38 |
| 2 | 0.50 | off | regen_c | 0.00 | 2.63 | 0.05 | 0.37 | 595 | 1.37 |
| 2 | 0.65 | off | v2 | 0.00 | 3.62 | 0.02 | 0.23 | 635 | 0.81 |
| 2 | 0.65 | off | regen_v2costs | 0.00 | 5.41 | 0.10 | 0.16 | 694 | 0.85 |
| 2 | 0.65 | off | regen_a | 0.00 | 4.80 | 0.07 | 0.18 | 673 | 0.83 |
| 2 | 0.65 | off | regen_b | 0.00 | 4.90 | 0.06 | 0.17 | 676 | 0.83 |
| 2 | 0.65 | off | regen_c | 0.00 | 4.57 | 0.02 | 0.19 | 661 | 0.81 |
| 2 | 0.75 | off | v2 | 0.00 | 5.24 | 0.00 | 0.15 | 659 | 0.52 |
| 2 | 0.75 | off | regen_v2costs | 0.00 | 8.81 | 0.02 | 0.09 | 704 | 0.52 |
| 2 | 0.75 | off | regen_a | 0.00 | 8.50 | 0.02 | 0.09 | 690 | 0.53 |
| 2 | 0.75 | off | regen_b | 0.00 | 8.24 | 0.02 | 0.10 | 694 | 0.51 |
| 2 | 0.75 | off | regen_c | 0.00 | 7.70 | 0.01 | 0.10 | 690 | 0.52 |
| 2 | 0.90 | off | v2 | 0.00 | 14.49 | 0.00 | 0.03 | 689 | 0.12 |
| 2 | 0.90 | off | regen_v2costs | 0.00 | 19.91 | 0.00 | 0.01 | 709 | 0.15 |
| 2 | 0.90 | off | regen_a | 0.00 | 20.42 | 0.00 | 0.01 | 701 | 0.14 |
| 2 | 0.90 | off | regen_b | 0.00 | 20.61 | 0.00 | 0.01 | 707 | 0.12 |
| 2 | 0.90 | off | regen_c | 0.00 | 18.26 | 0.00 | 0.01 | 701 | 0.13 |
| 5 | 0.50 | on | v2 | 0.08 | 1.80 | 0.91 | 0.42 | 2428 | 2.21 |
| 5 | 0.50 | on | regen_v2costs | 0.12 | 1.79 | 0.75 | 0.41 | 2393 | 2.18 |
| 5 | 0.50 | on | regen_a | 0.13 | 1.73 | 0.72 | 0.42 | 2304 | 2.15 |
| 5 | 0.50 | on | regen_b | 0.15 | 1.70 | 0.42 | 0.42 | 2302 | 2.10 |
| 5 | 0.50 | on | regen_c | 0.14 | 1.69 | 0.39 | 0.44 | 2257 | 2.10 |
| 5 | 0.65 | on | v2 | 0.02 | 2.61 | 0.33 | 0.28 | 2868 | 1.57 |
| 5 | 0.65 | on | regen_v2costs | 0.01 | 2.82 | 0.39 | 0.26 | 2974 | 1.55 |
| 5 | 0.65 | on | regen_a | 0.01 | 2.70 | 0.34 | 0.27 | 2947 | 1.56 |
| 5 | 0.65 | on | regen_b | 0.03 | 2.53 | 0.23 | 0.29 | 2851 | 1.56 |
| 5 | 0.65 | on | regen_c | 0.03 | 2.56 | 0.22 | 0.28 | 2873 | 1.55 |
| 5 | 0.75 | on | v2 | 0.00 | 3.55 | 0.13 | 0.19 | 3188 | 1.14 |
| 5 | 0.75 | on | regen_v2costs | 0.00 | 4.02 | 0.19 | 0.17 | 3223 | 1.15 |
| 5 | 0.75 | on | regen_a | 0.00 | 3.85 | 0.16 | 0.18 | 3213 | 1.13 |
| 5 | 0.75 | on | regen_b | 0.00 | 3.83 | 0.12 | 0.18 | 3249 | 1.13 |
| 5 | 0.75 | on | regen_c | 0.00 | 3.70 | 0.12 | 0.19 | 3180 | 1.14 |
| 5 | 0.90 | on | v2 | 0.00 | 7.14 | 0.01 | 0.08 | 3452 | 0.57 |
| 5 | 0.90 | on | regen_v2costs | 0.00 | 9.84 | 0.03 | 0.06 | 3566 | 0.57 |
| 5 | 0.90 | on | regen_a | 0.00 | 9.20 | 0.02 | 0.06 | 3602 | 0.56 |
| 5 | 0.90 | on | regen_b | 0.00 | 9.11 | 0.02 | 0.06 | 3495 | 0.58 |
| 5 | 0.90 | on | regen_c | 0.00 | 9.34 | 0.02 | 0.06 | 3564 | 0.55 |
| 5 | 0.50 | off | v2 | 0.05 | 1.99 | 0.67 | 0.36 | 1929 | 2.03 |
| 5 | 0.50 | off | regen_v2costs | 0.06 | 2.01 | 0.60 | 0.36 | 1967 | 2.00 |
| 5 | 0.50 | off | regen_a | 0.07 | 1.94 | 0.56 | 0.36 | 1927 | 1.99 |
| 5 | 0.50 | off | regen_b | 0.09 | 1.87 | 0.35 | 0.37 | 1862 | 1.97 |
| 5 | 0.50 | off | regen_c | 0.08 | 1.91 | 0.32 | 0.37 | 1886 | 1.91 |
| 5 | 0.65 | off | v2 | 0.01 | 3 | 0.18 | 0.21 | 2243 | 1.31 |
| 5 | 0.65 | off | regen_v2costs | 0.00 | 3.18 | 0.24 | 0.20 | 2261 | 1.30 |
| 5 | 0.65 | off | regen_a | 0.00 | 3.06 | 0.22 | 0.21 | 2244 | 1.31 |
| 5 | 0.65 | off | regen_b | 0.01 | 3.01 | 0.16 | 0.21 | 2225 | 1.30 |
| 5 | 0.65 | off | regen_c | 0.01 | 2.93 | 0.14 | 0.22 | 2216 | 1.31 |
| 5 | 0.75 | off | v2 | 0.00 | 4.18 | 0.06 | 0.13 | 2338 | 0.88 |
| 5 | 0.75 | off | regen_v2costs | 0.00 | 4.85 | 0.08 | 0.12 | 2357 | 0.87 |
| 5 | 0.75 | off | regen_a | 0.00 | 4.58 | 0.08 | 0.13 | 2322 | 0.88 |
| 5 | 0.75 | off | regen_b | 0.00 | 4.71 | 0.06 | 0.12 | 2324 | 0.87 |
| 5 | 0.75 | off | regen_c | 0.00 | 4.56 | 0.06 | 0.13 | 2339 | 0.88 |
| 5 | 0.90 | off | v2 | 0.00 | 11.79 | 0.00 | 0.03 | 2479 | 0.30 |
| 5 | 0.90 | off | regen_v2costs | 0.00 | 11.44 | 0.00 | 0.03 | 2484 | 0.31 |
| 5 | 0.90 | off | regen_a | 0.00 | 12.35 | 0.00 | 0.02 | 2505 | 0.30 |
| 5 | 0.90 | off | regen_b | 0.00 | 11.59 | 0.00 | 0.03 | 2508 | 0.31 |
| 5 | 0.90 | off | regen_c | 0.00 | 12.23 | 0.00 | 0.03 | 2500 | 0.32 |
| 9 | 0.50 | on | v2 | 0.14 | 1.67 | 1.98 | 0.39 | 5609 | 2.57 |
| 9 | 0.50 | on | regen_v2costs | 0.16 | 1.50 | 1.26 | 0.43 | 5332 | 2.43 |
| 9 | 0.50 | on | regen_a | 0.17 | 1.47 | 1.22 | 0.44 | 5006 | 2.43 |
| 9 | 0.50 | on | regen_b | 0.19 | 1.42 | 0.76 | 0.46 | 4900 | 2.32 |
| 9 | 0.50 | on | regen_c | 0.19 | 1.41 | 0.75 | 0.46 | 4775 | 2.33 |
| 9 | 0.65 | on | v2 | 0.02 | 2.26 | 0.81 | 0.28 | 7080 | 1.81 |
| 9 | 0.65 | on | regen_v2costs | 0.02 | 2.22 | 0.69 | 0.29 | 6990 | 1.80 |
| 9 | 0.65 | on | regen_a | 0.03 | 2.18 | 0.65 | 0.29 | 6891 | 1.78 |
| 9 | 0.65 | on | regen_b | 0.03 | 2.05 | 0.44 | 0.31 | 6905 | 1.74 |
| 9 | 0.65 | on | regen_c | 0.03 | 2.02 | 0.44 | 0.31 | 6816 | 1.74 |
| 9 | 0.75 | on | v2 | 0.00 | 2.97 | 0.32 | 0.19 | 7853 | 1.32 |
| 9 | 0.75 | on | regen_v2costs | 0.00 | 2.94 | 0.33 | 0.19 | 7756 | 1.33 |
| 9 | 0.75 | on | regen_a | 0.00 | 2.96 | 0.31 | 0.19 | 7759 | 1.32 |
| 9 | 0.75 | on | regen_b | 0.00 | 2.86 | 0.25 | 0.20 | 7739 | 1.31 |
| 9 | 0.75 | on | regen_c | 0.00 | 2.92 | 0.25 | 0.20 | 7749 | 1.31 |
| 9 | 0.90 | on | v2 | 0.00 | 6.54 | 0.05 | 0.08 | 8782 | 0.72 |
| 9 | 0.90 | on | regen_v2costs | 0.00 | 6.82 | 0.05 | 0.07 | 8720 | 0.71 |
| 9 | 0.90 | on | regen_a | 0.00 | 6.90 | 0.05 | 0.07 | 8812 | 0.70 |
| 9 | 0.90 | on | regen_b | 0.00 | 6.72 | 0.04 | 0.07 | 8770 | 0.72 |
| 9 | 0.90 | on | regen_c | 0.00 | 6.51 | 0.04 | 0.08 | 8757 | 0.72 |
| 9 | 0.50 | off | v2 | 0.07 | 1.80 | 1.45 | 0.35 | 4695 | 2.29 |
| 9 | 0.50 | off | regen_v2costs | 0.09 | 1.70 | 1.06 | 0.37 | 4491 | 2.24 |
| 9 | 0.50 | off | regen_a | 0.10 | 1.65 | 1.00 | 0.38 | 4290 | 2.21 |
| 9 | 0.50 | off | regen_b | 0.11 | 1.58 | 0.65 | 0.40 | 4086 | 2.15 |
| 9 | 0.50 | off | regen_c | 0.11 | 1.55 | 0.64 | 0.40 | 4265 | 2.15 |
| 9 | 0.65 | off | v2 | 0.01 | 2.51 | 0.47 | 0.22 | 5328 | 1.50 |
| 9 | 0.65 | off | regen_v2costs | 0.01 | 2.51 | 0.46 | 0.22 | 5359 | 1.52 |
| 9 | 0.65 | off | regen_a | 0.01 | 2.49 | 0.41 | 0.22 | 5229 | 1.49 |
| 9 | 0.65 | off | regen_b | 0.01 | 2.36 | 0.31 | 0.24 | 5231 | 1.48 |
| 9 | 0.65 | off | regen_c | 0.01 | 2.35 | 0.31 | 0.24 | 5252 | 1.47 |
| 9 | 0.75 | off | v2 | 0.00 | 3.60 | 0.16 | 0.14 | 5513 | 1.03 |
| 9 | 0.75 | off | regen_v2costs | 0.00 | 3.61 | 0.16 | 0.14 | 5474 | 1.04 |
| 9 | 0.75 | off | regen_a | 0.00 | 3.60 | 0.17 | 0.14 | 5480 | 1.06 |
| 9 | 0.75 | off | regen_b | 0.00 | 3.45 | 0.13 | 0.14 | 5465 | 1.05 |
| 9 | 0.75 | off | regen_c | 0.00 | 3.46 | 0.14 | 0.14 | 5507 | 1.05 |
| 9 | 0.90 | off | v2 | 0.00 | 10.28 | 0.00 | 0.03 | 5706 | 0.37 |
| 9 | 0.90 | off | regen_v2costs | 0.00 | 11.13 | 0.00 | 0.03 | 5831 | 0.36 |
| 9 | 0.90 | off | regen_a | 0.00 | 10.67 | 0.00 | 0.03 | 5765 | 0.36 |
| 9 | 0.90 | off | regen_b | 0.00 | 10.51 | 0.01 | 0.03 | 5732 | 0.35 |
| 9 | 0.90 | off | regen_c | 0.00 | 10.72 | 0.00 | 0.03 | 5723 | 0.35 |

==== v3_companion ====

### Companion team attack on/off (spender kid, nets+, MP preset regen_b)

| tier | acc | speech | companion | defeat rate | battles between restores | companion attacks per battle | questions per location | stuck | gold hit 0 (runs) |
|---|---|---|---|---|---|---|---|---|---|
| 1 | 0.50 | on | off | 0.02 | 2.36 | 0.00 | 261 | 0 | 0.01 |
| 1 | 0.50 | on | on | 0.00 | 2.99 | 1.57 | 177 | 0 | 0.00 |
| 1 | 0.65 | on | off | 0.00 | 3.68 | 0.00 | 193 | 0 | 0.00 |
| 1 | 0.65 | on | on | 0.00 | 4.14 | 1.00 | 152 | 0 | 0.00 |
| 1 | 0.75 | on | off | 0.00 | 5.10 | 0.00 | 160 | 0 | 0.00 |
| 1 | 0.75 | on | on | 0.00 | 5.52 | 0.70 | 138 | 0 | 0.00 |
| 1 | 0.90 | on | off | 0.00 | 10.18 | 0.00 | 125 | 0 | 0.00 |
| 1 | 0.90 | on | on | 0.00 | 10.54 | 0.31 | 117 | 0 | 0.00 |
| 1 | 0.50 | off | off | 0.01 | 2.72 | 0.00 | 233 | 0 | 0.00 |
| 1 | 0.50 | off | on | 0.00 | 3.26 | 1.40 | 170 | 0 | 0.00 |
| 1 | 0.65 | off | off | 0.00 | 4.37 | 0.00 | 169 | 0 | 0.00 |
| 1 | 0.65 | off | on | 0.00 | 4.70 | 0.83 | 143 | 0 | 0.00 |
| 1 | 0.75 | off | off | 0.00 | 6.52 | 0.00 | 142 | 0 | 0.00 |
| 1 | 0.75 | off | on | 0.00 | 6.89 | 0.52 | 128 | 0 | 0.00 |
| 1 | 0.90 | off | off | 0.00 | 14.07 | 0.00 | 110 | 0 | 0.00 |
| 1 | 0.90 | off | on | 0.00 | 13.95 | 0.13 | 106 | 0 | 0.00 |
| 5 | 0.50 | on | off | 0.61 | 1.15 | 0.00 | 689 | 0 | 0.01 |
| 5 | 0.50 | on | on | 0.23 | 1.39 | 2.08 | 291 | 0 | 0.00 |
| 5 | 0.65 | on | off | 0.18 | 1.68 | 0.00 | 347 | 0 | 0.01 |
| 5 | 0.65 | on | on | 0.04 | 2.21 | 1.58 | 223 | 0 | 0.00 |
| 5 | 0.75 | on | off | 0.03 | 2.66 | 0.00 | 258 | 0 | 0.00 |
| 5 | 0.75 | on | on | 0.01 | 3.18 | 1.19 | 196 | 0 | 0.00 |
| 5 | 0.90 | on | off | 0.00 | 6.97 | 0.00 | 183 | 0 | 0.00 |
| 5 | 0.90 | on | on | 0.00 | 7.68 | 0.61 | 162 | 0 | 0.00 |
| 5 | 0.50 | off | off | 0.43 | 1.27 | 0.00 | 488 | 0 | 0.01 |
| 5 | 0.50 | off | on | 0.13 | 1.58 | 1.93 | 256 | 0 | 0.00 |
| 5 | 0.65 | off | off | 0.07 | 2.21 | 0.00 | 279 | 0 | 0.00 |
| 5 | 0.65 | off | on | 0.02 | 2.76 | 1.33 | 204 | 0 | 0.00 |
| 5 | 0.75 | off | off | 0.00 | 3.85 | 0.00 | 216 | 0 | 0.00 |
| 5 | 0.75 | off | on | 0.00 | 4.41 | 0.91 | 180 | 0 | 0.00 |
| 5 | 0.90 | off | off | 0.00 | 11.68 | 0.00 | 156 | 0 | 0.00 |
| 5 | 0.90 | off | on | 0.00 | 12.03 | 0.37 | 151 | 0 | 0.00 |
| 9 | 0.50 | on | off | 0.68 | 1.06 | 0.00 | 836 | 0 | 0.00 |
| 9 | 0.50 | on | on | 0.30 | 1.18 | 2.22 | 347 | 0 | 0.00 |
| 9 | 0.65 | on | off | 0.22 | 1.43 | 0.00 | 380 | 0 | 0.00 |
| 9 | 0.65 | on | on | 0.07 | 1.75 | 1.75 | 255 | 0 | 0.00 |
| 9 | 0.75 | on | off | 0.04 | 2.18 | 0.00 | 281 | 0 | 0.00 |
| 9 | 0.75 | on | on | 0.01 | 2.57 | 1.35 | 219 | 0 | 0.00 |
| 9 | 0.90 | on | off | 0.00 | 5.28 | 0.00 | 204 | 0 | 0.00 |
| 9 | 0.90 | on | on | 0.00 | 5.58 | 0.78 | 184 | 0 | 0.00 |
| 9 | 0.50 | off | off | 0.47 | 1.15 | 0.00 | 538 | 0 | 0.00 |
| 9 | 0.50 | off | on | 0.20 | 1.32 | 2.06 | 301 | 0 | 0.01 |
| 9 | 0.65 | off | off | 0.09 | 1.83 | 0.00 | 305 | 0 | 0.00 |
| 9 | 0.65 | off | on | 0.02 | 2.08 | 1.50 | 230 | 0 | 0.00 |
| 9 | 0.75 | off | off | 0.00 | 3.12 | 0.00 | 239 | 0 | 0.00 |
| 9 | 0.75 | off | on | 0.00 | 3.34 | 1.09 | 201 | 0 | 0.00 |
| 9 | 0.90 | off | off | 0.00 | 9.97 | 0.00 | 177 | 0 | 0.00 |
| 9 | 0.90 | off | on | 0.00 | 10.00 | 0.44 | 167 | 0 | 0.00 |

==== v3f_comp2 ====

### Companion gauge variants (spender, nets+, v3 defaults)

| tier | acc | speech | companion | defeat rate | battles between restores | companion attacks per battle | battle questions per location |
|---|---|---|---|---|---|---|---|
| 2 | 0.50 | on | off | 0.13 | 1.83 | 0.00 | 289 |
| 2 | 0.50 | on | c25x1.5 | 0.01 | 2.38 | 1.79 | 168 |
| 2 | 0.50 | on | c20x1.25 | 0.02 | 2.20 | 1.63 | 187 |
| 2 | 0.50 | on | c20x1.0 | 0.02 | 2.22 | 1.64 | 186 |
| 2 | 0.65 | on | off | 0.01 | 3.15 | 0.00 | 203 |
| 2 | 0.65 | on | c25x1.5 | 0.00 | 3.76 | 1.20 | 148 |
| 2 | 0.65 | on | c20x1.25 | 0.00 | 3.57 | 1.09 | 160 |
| 2 | 0.65 | on | c20x1.0 | 0.00 | 3.67 | 1.07 | 160 |
| 2 | 0.75 | on | off | 0.00 | 5.03 | 0.00 | 164 |
| 2 | 0.75 | on | c25x1.5 | 0.00 | 5.71 | 0.88 | 138 |
| 2 | 0.75 | on | c20x1.25 | 0.00 | 5.67 | 0.75 | 143 |
| 2 | 0.75 | on | c20x1.0 | 0.00 | 5.59 | 0.74 | 143 |
| 2 | 0.90 | on | off | 0.00 | 12.45 | 0.00 | 129 |
| 2 | 0.90 | on | c25x1.5 | 0.00 | 13.02 | 0.42 | 118 |
| 2 | 0.90 | on | c20x1.25 | 0.00 | 13.61 | 0.33 | 120 |
| 2 | 0.90 | on | c20x1.0 | 0.00 | 13.71 | 0.34 | 121 |
| 2 | 0.50 | off | off | 0.06 | 2.19 | 0.00 | 246 |
| 2 | 0.50 | off | c25x1.5 | 0.00 | 2.74 | 1.57 | 160 |
| 2 | 0.50 | off | c20x1.25 | 0.01 | 2.57 | 1.41 | 175 |
| 2 | 0.50 | off | c20x1.0 | 0.01 | 2.55 | 1.45 | 178 |
| 2 | 0.65 | off | off | 0.00 | 4.22 | 0.00 | 175 |
| 2 | 0.65 | off | c25x1.5 | 0.00 | 4.79 | 1.00 | 140 |
| 2 | 0.65 | off | c20x1.25 | 0.00 | 4.40 | 0.87 | 149 |
| 2 | 0.65 | off | c20x1.0 | 0.00 | 4.49 | 0.84 | 149 |
| 2 | 0.75 | off | off | 0.00 | 7.36 | 0.00 | 143 |
| 2 | 0.75 | off | c25x1.5 | 0.00 | 8.59 | 0.66 | 128 |
| 2 | 0.75 | off | c20x1.25 | 0.00 | 8.24 | 0.52 | 130 |
| 2 | 0.75 | off | c20x1.0 | 0.00 | 8.03 | 0.53 | 131 |
| 2 | 0.90 | off | off | 0.00 | 18.17 | 0.00 | 109 |
| 2 | 0.90 | off | c25x1.5 | 0.00 | 17.42 | 0.18 | 107 |
| 2 | 0.90 | off | c20x1.25 | 0.00 | 18.24 | 0.13 | 107 |
| 2 | 0.90 | off | c20x1.0 | 0.00 | 18.75 | 0.13 | 106 |
| 5 | 0.50 | on | off | 0.60 | 1.15 | 0.00 | 627 |
| 5 | 0.50 | on | c25x1.5 | 0.15 | 1.52 | 2.30 | 249 |
| 5 | 0.50 | on | c20x1.25 | 0.21 | 1.40 | 2.09 | 286 |
| 5 | 0.50 | on | c20x1.0 | 0.36 | 1.27 | 2.29 | 388 |
| 5 | 0.65 | on | off | 0.16 | 1.75 | 0.00 | 323 |
| 5 | 0.65 | on | c25x1.5 | 0.03 | 2.33 | 1.72 | 205 |
| 5 | 0.65 | on | c20x1.25 | 0.04 | 2.19 | 1.57 | 221 |
| 5 | 0.65 | on | c20x1.0 | 0.08 | 2.00 | 1.72 | 254 |
| 5 | 0.75 | on | off | 0.03 | 2.84 | 0.00 | 248 |
| 5 | 0.75 | on | c25x1.5 | 0.01 | 3.49 | 1.30 | 186 |
| 5 | 0.75 | on | c20x1.25 | 0.00 | 3.30 | 1.16 | 195 |
| 5 | 0.75 | on | c20x1.0 | 0.01 | 3.23 | 1.23 | 210 |
| 5 | 0.90 | on | off | 0.00 | 7.56 | 0.00 | 177 |
| 5 | 0.90 | on | c25x1.5 | 0.00 | 8.32 | 0.66 | 157 |
| 5 | 0.90 | on | c20x1.25 | 0.00 | 8.05 | 0.58 | 161 |
| 5 | 0.90 | on | c20x1.0 | 0.00 | 7.95 | 0.59 | 165 |
| 5 | 0.50 | off | off | 0.39 | 1.27 | 0.00 | 419 |
| 5 | 0.50 | off | c25x1.5 | 0.11 | 1.73 | 2.09 | 230 |
| 5 | 0.50 | off | c20x1.25 | 0.14 | 1.61 | 1.90 | 252 |
| 5 | 0.50 | off | c20x1.0 | 0.22 | 1.47 | 2.08 | 292 |
| 5 | 0.65 | off | off | 0.05 | 2.30 | 0.00 | 231 |
| 5 | 0.65 | off | c25x1.5 | 0.01 | 2.90 | 1.46 | 184 |
| 5 | 0.65 | off | c20x1.25 | 0.01 | 2.72 | 1.31 | 190 |
| 5 | 0.65 | off | c20x1.0 | 0.03 | 2.55 | 1.43 | 204 |
| 5 | 0.75 | off | off | 0.00 | 3.96 | 0.00 | 180 |
| 5 | 0.75 | off | c25x1.5 | 0.00 | 4.65 | 1.00 | 156 |
| 5 | 0.75 | off | c20x1.25 | 0.00 | 4.48 | 0.87 | 159 |
| 5 | 0.75 | off | c20x1.0 | 0.00 | 4.47 | 0.92 | 164 |
| 5 | 0.90 | off | off | 0.00 | 11.33 | 0.00 | 129 |
| 5 | 0.90 | off | c25x1.5 | 0.00 | 11.62 | 0.36 | 123 |
| 5 | 0.90 | off | c20x1.25 | 0.00 | 11.96 | 0.30 | 123 |
| 5 | 0.90 | off | c20x1.0 | 0.00 | 11.86 | 0.32 | 125 |
| 9 | 0.50 | on | off | 0.67 | 1.06 | 0.00 | 767 |
| 9 | 0.50 | on | c25x1.5 | 0.25 | 1.24 | 2.47 | 307 |
| 9 | 0.50 | on | c20x1.25 | 0.30 | 1.21 | 2.20 | 344 |
| 9 | 0.50 | on | c20x1.0 | 0.31 | 1.20 | 2.23 | 354 |
| 9 | 0.65 | on | off | 0.19 | 1.48 | 0.00 | 363 |
| 9 | 0.65 | on | c25x1.5 | 0.04 | 1.79 | 1.93 | 234 |
| 9 | 0.65 | on | c20x1.25 | 0.06 | 1.73 | 1.73 | 250 |
| 9 | 0.65 | on | c20x1.0 | 0.07 | 1.74 | 1.73 | 251 |
| 9 | 0.75 | on | off | 0.04 | 2.23 | 0.00 | 277 |
| 9 | 0.75 | on | c25x1.5 | 0.00 | 2.68 | 1.48 | 210 |
| 9 | 0.75 | on | c20x1.25 | 0.01 | 2.61 | 1.30 | 218 |
| 9 | 0.75 | on | c20x1.0 | 0.01 | 2.56 | 1.33 | 219 |
| 9 | 0.90 | on | off | 0.00 | 5.32 | 0.00 | 202 |
| 9 | 0.90 | on | c25x1.5 | 0.00 | 5.88 | 0.81 | 178 |
| 9 | 0.90 | on | c20x1.25 | 0.00 | 5.89 | 0.73 | 182 |
| 9 | 0.90 | on | c20x1.0 | 0.00 | 5.86 | 0.73 | 182 |
| 9 | 0.50 | off | off | 0.45 | 1.17 | 0.00 | 470 |
| 9 | 0.50 | off | c25x1.5 | 0.15 | 1.38 | 2.30 | 271 |
| 9 | 0.50 | off | c20x1.25 | 0.20 | 1.35 | 2.03 | 297 |
| 9 | 0.50 | off | c20x1.0 | 0.20 | 1.34 | 2.05 | 299 |
| 9 | 0.65 | off | off | 0.08 | 1.86 | 0.00 | 261 |
| 9 | 0.65 | off | c25x1.5 | 0.01 | 2.32 | 1.64 | 214 |
| 9 | 0.65 | off | c20x1.25 | 0.02 | 2.18 | 1.47 | 222 |
| 9 | 0.65 | off | c20x1.0 | 0.02 | 2.23 | 1.48 | 222 |
| 9 | 0.75 | off | off | 0.00 | 3.18 | 0.00 | 203 |
| 9 | 0.75 | off | c25x1.5 | 0.00 | 3.61 | 1.15 | 182 |
| 9 | 0.75 | off | c20x1.25 | 0.00 | 3.45 | 1.05 | 185 |
| 9 | 0.75 | off | c20x1.0 | 0.00 | 3.53 | 1.05 | 186 |
| 9 | 0.90 | off | off | 0.00 | 10.20 | 0.00 | 147 |
| 9 | 0.90 | off | c25x1.5 | 0.00 | 10.52 | 0.42 | 143 |
| 9 | 0.90 | off | c20x1.25 | 0.00 | 10.44 | 0.37 | 143 |
| 9 | 0.90 | off | c20x1.0 | 0.00 | 10.69 | 0.37 | 144 |

==== v3f_spokencap ====

### Spoken-share cap per battle (speech on, saver, nets+)

| tier | acc | cap | spoken share | in-battle accuracy | defeat rate | patrols per location | minutes per location | items proficient at end |
|---|---|---|---|---|---|---|---|---|
| 1 | 0.50 | none | 0.56 | 0.45 | 0.00 | 11.23 | 57.50 | 0.25 |
| 1 | 0.50 | 50% | 0.49 | 0.47 | 0.00 | 12.78 | 61.12 | 0.25 |
| 1 | 0.65 | none | 0.57 | 0.60 | 0.00 | 8.55 | 44.62 | 0.25 |
| 1 | 0.65 | 50% | 0.49 | 0.61 | 0.00 | 9.75 | 47.36 | 0.25 |
| 1 | 0.75 | none | 0.56 | 0.70 | 0.00 | 7.48 | 39.32 | 0.26 |
| 1 | 0.75 | 50% | 0.49 | 0.71 | 0.00 | 8.86 | 41.56 | 0.25 |
| 1 | 0.90 | none | 0.56 | 0.85 | 0.00 | 6.60 | 33.08 | 0.26 |
| 1 | 0.90 | 50% | 0.50 | 0.85 | 0.00 | 7.77 | 34.75 | 0.25 |
| 5 | 0.50 | none | 0.56 | 0.45 | 0.16 | 8.70 | 71.91 | 0.26 |
| 5 | 0.50 | 50% | 0.48 | 0.46 | 0.14 | 10.17 | 75.11 | 0.25 |
| 5 | 0.65 | none | 0.56 | 0.60 | 0.03 | 6.47 | 54.69 | 0.25 |
| 5 | 0.65 | 50% | 0.48 | 0.61 | 0.03 | 7.45 | 57.41 | 0.25 |
| 5 | 0.75 | none | 0.56 | 0.69 | 0.00 | 5.59 | 47.55 | 0.25 |
| 5 | 0.75 | 50% | 0.48 | 0.70 | 0.00 | 6.83 | 50.08 | 0.25 |
| 5 | 0.90 | none | 0.56 | 0.84 | 0.00 | 5.27 | 40.06 | 0.25 |
| 5 | 0.90 | 50% | 0.49 | 0.85 | 0.00 | 6.08 | 41.38 | 0.25 |
| 9 | 0.50 | none | 0.56 | 0.45 | 0.21 | 9.51 | 85.71 | 0.25 |
| 9 | 0.50 | 50% | 0.48 | 0.46 | 0.19 | 11.07 | 90.76 | 0.25 |
| 9 | 0.65 | none | 0.56 | 0.60 | 0.04 | 7.86 | 65.84 | 0.25 |
| 9 | 0.65 | 50% | 0.48 | 0.61 | 0.03 | 8.90 | 68.46 | 0.24 |
| 9 | 0.75 | none | 0.55 | 0.69 | 0.00 | 7.10 | 56.94 | 0.24 |
| 9 | 0.75 | 50% | 0.48 | 0.71 | 0.00 | 8.07 | 59.67 | 0.24 |
| 9 | 0.90 | none | 0.55 | 0.84 | 0.00 | 6.81 | 48.15 | 0.25 |
| 9 | 0.90 | 50% | 0.49 | 0.85 | 0.00 | 7.59 | 50.08 | 0.24 |

==== v3_tune2 ====

### Trigger metric x threshold x practice (saver trains to trigger, cap 40 patrols; v2 pools)

| tier | acc | speech | metric | trigger | practice | patrols per location | battle questions per location | minutes per location | items proficient at end |
|---|---|---|---|---|---|---|---|---|---|
| 1 | 0.65 | on | local+carry | 0.25 | none | 20.47 | 392 | 60.16 | 0.35 |
| 1 | 0.65 | on | local+carry | 0.25 | light | 16.12 | 339 | 60.36 | 0.36 |
| 1 | 0.65 | on | local+carry | 0.25 | full | 12.17 | 286 | 60.48 | 0.36 |
| 1 | 0.65 | on | local only | 0.25 | none | 15.77 | 334 | 51.21 | 0.29 |
| 1 | 0.65 | on | local only | 0.25 | light | 12.20 | 287 | 52.28 | 0.29 |
| 1 | 0.65 | on | local only | 0.25 | full | 8.84 | 242 | 53.82 | 0.30 |
| 1 | 0.65 | on | local only | 0.20 | none | 12.83 | 296 | 45.38 | 0.25 |
| 1 | 0.65 | on | local only | 0.20 | light | 10.11 | 259 | 48.01 | 0.25 |
| 1 | 0.65 | on | local only | 0.20 | full | 6.79 | 216 | 49.85 | 0.26 |
| 1 | 0.65 | on | local only | 0.15 | none | 8.83 | 243 | 37.24 | 0.19 |
| 1 | 0.65 | on | local only | 0.15 | light | 6.54 | 213 | 40.95 | 0.19 |
| 1 | 0.65 | on | local only | 0.15 | full | 4.19 | 180 | 44.27 | 0.20 |
| 1 | 0.65 | off | local+carry | 0.40 | none | 10.44 | 248 | 38.02 | 0.60 |
| 1 | 0.65 | off | local+carry | 0.40 | light | 4.85 | 177 | 35.53 | 0.66 |
| 1 | 0.65 | off | local+carry | 0.40 | full | 5.09 | 178 | 35.64 | 0.66 |
| 1 | 0.65 | off | local only | 0.40 | none | 7.41 | 211 | 32.32 | 0.49 |
| 1 | 0.65 | off | local only | 0.40 | light | 2.86 | 152 | 31.64 | 0.55 |
| 1 | 0.65 | off | local only | 0.40 | full | 3.06 | 153 | 31.77 | 0.55 |
| 1 | 0.65 | off | local only | 0.30 | none | 4.66 | 175 | 26.86 | 0.39 |
| 1 | 0.65 | off | local only | 0.30 | light | 1.07 | 129 | 28.14 | 0.46 |
| 1 | 0.65 | off | local only | 0.30 | full | 0.98 | 129 | 28.13 | 0.46 |
| 1 | 0.75 | on | local+carry | 0.25 | none | 18.93 | 338 | 51.90 | 0.35 |
| 1 | 0.75 | on | local+carry | 0.25 | light | 14.58 | 285 | 52.07 | 0.36 |
| 1 | 0.75 | on | local+carry | 0.25 | full | 9.93 | 232 | 52.19 | 0.37 |
| 1 | 0.75 | on | local only | 0.25 | none | 14.63 | 290 | 44.50 | 0.29 |
| 1 | 0.75 | on | local only | 0.25 | light | 10.96 | 242 | 45.49 | 0.29 |
| 1 | 0.75 | on | local only | 0.25 | full | 7.02 | 196 | 46.77 | 0.30 |
| 1 | 0.75 | on | local only | 0.20 | none | 11.97 | 256 | 39.21 | 0.25 |
| 1 | 0.75 | on | local only | 0.20 | light | 8.63 | 216 | 41.46 | 0.25 |
| 1 | 0.75 | on | local only | 0.20 | full | 5.28 | 177 | 43.79 | 0.26 |
| 1 | 0.75 | on | local only | 0.15 | none | 8.02 | 210 | 32.20 | 0.19 |
| 1 | 0.75 | on | local only | 0.15 | light | 5.53 | 179 | 35.85 | 0.20 |
| 1 | 0.75 | on | local only | 0.15 | full | 2.99 | 149 | 39.47 | 0.21 |
| 1 | 0.75 | off | local+carry | 0.40 | none | 9.90 | 215 | 32.94 | 0.60 |
| 1 | 0.75 | off | local+carry | 0.40 | light | 3.89 | 146 | 30.66 | 0.67 |
| 1 | 0.75 | off | local+carry | 0.40 | full | 3.99 | 146 | 30.78 | 0.67 |
| 1 | 0.75 | off | local only | 0.40 | none | 7.11 | 182 | 27.96 | 0.49 |
| 1 | 0.75 | off | local only | 0.40 | light | 1.97 | 124 | 27.35 | 0.56 |
| 1 | 0.75 | off | local only | 0.40 | full | 1.96 | 125 | 27.48 | 0.57 |
| 1 | 0.75 | off | local only | 0.30 | none | 4.01 | 152 | 23.35 | 0.39 |
| 1 | 0.75 | off | local only | 0.30 | light | 0.51 | 108 | 24.96 | 0.48 |
| 1 | 0.75 | off | local only | 0.30 | full | 0.49 | 108 | 24.88 | 0.48 |
| 1 | 0.90 | on | local+carry | 0.25 | none | 17.93 | 279 | 42.76 | 0.35 |
| 1 | 0.90 | on | local+carry | 0.25 | light | 13.21 | 227 | 43.16 | 0.36 |
| 1 | 0.90 | on | local+carry | 0.25 | full | 7.71 | 174 | 43.31 | 0.38 |
| 1 | 0.90 | on | local only | 0.25 | none | 14.16 | 240 | 36.76 | 0.29 |
| 1 | 0.90 | on | local only | 0.25 | light | 9.71 | 193 | 37.92 | 0.30 |
| 1 | 0.90 | on | local only | 0.25 | full | 5.12 | 147 | 39.28 | 0.31 |
| 1 | 0.90 | on | local only | 0.20 | none | 11.58 | 213 | 32.69 | 0.25 |
| 1 | 0.90 | on | local only | 0.20 | light | 7.73 | 172 | 34.72 | 0.25 |
| 1 | 0.90 | on | local only | 0.20 | full | 3.56 | 131 | 36.81 | 0.27 |
| 1 | 0.90 | on | local only | 0.15 | none | 7.62 | 175 | 26.77 | 0.19 |
| 1 | 0.90 | on | local only | 0.15 | light | 4.81 | 144 | 30.42 | 0.20 |
| 1 | 0.90 | on | local only | 0.15 | full | 1.77 | 113 | 33.93 | 0.22 |
| 1 | 0.90 | off | local+carry | 0.40 | none | 9.73 | 177 | 27.21 | 0.60 |
| 1 | 0.90 | off | local+carry | 0.40 | light | 2.72 | 110 | 25.18 | 0.69 |
| 1 | 0.90 | off | local+carry | 0.40 | full | 2.71 | 110 | 25.13 | 0.69 |
| 1 | 0.90 | off | local only | 0.40 | none | 6.81 | 152 | 23.29 | 0.49 |
| 1 | 0.90 | off | local only | 0.40 | light | 0.98 | 95.04 | 22.91 | 0.59 |
| 1 | 0.90 | off | local only | 0.40 | full | 0.90 | 94.62 | 22.84 | 0.59 |
| 1 | 0.90 | off | local only | 0.30 | none | 4.08 | 126 | 19.28 | 0.39 |
| 1 | 0.90 | off | local only | 0.30 | light | 0.15 | 86.47 | 21.59 | 0.54 |
| 1 | 0.90 | off | local only | 0.30 | full | 0.12 | 86.19 | 21.55 | 0.53 |
| 5 | 0.65 | on | local+carry | 0.25 | none | 18.04 | 524 | 80.40 | 0.39 |
| 5 | 0.65 | on | local+carry | 0.25 | light | 14.73 | 458 | 78.06 | 0.39 |
| 5 | 0.65 | on | local+carry | 0.25 | full | 11.37 | 393 | 75.97 | 0.40 |
| 5 | 0.65 | on | local only | 0.25 | none | 12.27 | 414 | 63.45 | 0.29 |
| 5 | 0.65 | on | local only | 0.25 | light | 9.65 | 364 | 63.65 | 0.29 |
| 5 | 0.65 | on | local only | 0.25 | full | 7.08 | 312 | 63.47 | 0.30 |
| 5 | 0.65 | on | local only | 0.20 | none | 9.89 | 367 | 56.33 | 0.24 |
| 5 | 0.65 | on | local only | 0.20 | light | 7.44 | 322 | 57.17 | 0.25 |
| 5 | 0.65 | on | local only | 0.20 | full | 5.09 | 276 | 58.00 | 0.25 |
| 5 | 0.65 | on | local only | 0.15 | none | 7.32 | 319 | 48.88 | 0.20 |
| 5 | 0.65 | on | local only | 0.15 | light | 5.31 | 282 | 51.07 | 0.20 |
| 5 | 0.65 | on | local only | 0.15 | full | 3.16 | 241 | 52.58 | 0.21 |
| 5 | 0.65 | off | local+carry | 0.40 | none | 8.33 | 318 | 48.81 | 0.62 |
| 5 | 0.65 | off | local+carry | 0.40 | light | 4.31 | 244 | 45.28 | 0.67 |
| 5 | 0.65 | off | local+carry | 0.40 | full | 4.22 | 240 | 44.67 | 0.67 |
| 5 | 0.65 | off | local only | 0.40 | none | 5.23 | 263 | 40.32 | 0.49 |
| 5 | 0.65 | off | local only | 0.40 | light | 1.48 | 193 | 37.37 | 0.53 |
| 5 | 0.65 | off | local only | 0.40 | full | 1.54 | 193 | 37.40 | 0.52 |
| 5 | 0.65 | off | local only | 0.30 | none | 2.95 | 222 | 33.98 | 0.40 |
| 5 | 0.65 | off | local only | 0.30 | light | 0.27 | 171 | 34.06 | 0.46 |
| 5 | 0.65 | off | local only | 0.30 | full | 0.30 | 170 | 33.95 | 0.46 |
| 5 | 0.75 | on | local+carry | 0.25 | none | 17.02 | 450 | 69.07 | 0.39 |
| 5 | 0.75 | on | local+carry | 0.25 | light | 13.31 | 384 | 66.75 | 0.40 |
| 5 | 0.75 | on | local+carry | 0.25 | full | 9.66 | 323 | 65.18 | 0.40 |
| 5 | 0.75 | on | local only | 0.25 | none | 11.52 | 358 | 54.93 | 0.29 |
| 5 | 0.75 | on | local only | 0.25 | light | 8.49 | 305 | 54.60 | 0.29 |
| 5 | 0.75 | on | local only | 0.25 | full | 5.47 | 253 | 54.44 | 0.30 |
| 5 | 0.75 | on | local only | 0.20 | none | 9.19 | 321 | 49.23 | 0.24 |
| 5 | 0.75 | on | local only | 0.20 | light | 6.69 | 273 | 49.64 | 0.25 |
| 5 | 0.75 | on | local only | 0.20 | full | 3.98 | 227 | 50.45 | 0.26 |
| 5 | 0.75 | on | local only | 0.15 | none | 6.77 | 279 | 42.80 | 0.20 |
| 5 | 0.75 | on | local only | 0.15 | light | 4.84 | 241 | 44.86 | 0.20 |
| 5 | 0.75 | on | local only | 0.15 | full | 2.30 | 200 | 46.37 | 0.21 |
| 5 | 0.75 | off | local+carry | 0.40 | none | 7.97 | 274 | 42.04 | 0.62 |
| 5 | 0.75 | off | local+carry | 0.40 | light | 3.43 | 199 | 38.34 | 0.69 |
| 5 | 0.75 | off | local+carry | 0.40 | full | 3.48 | 199 | 38.40 | 0.68 |
| 5 | 0.75 | off | local only | 0.40 | none | 4.85 | 226 | 34.72 | 0.49 |
| 5 | 0.75 | off | local only | 0.40 | light | 0.78 | 159 | 32.29 | 0.54 |
| 5 | 0.75 | off | local only | 0.40 | full | 0.78 | 161 | 32.48 | 0.54 |
| 5 | 0.75 | off | local only | 0.30 | none | 2.76 | 192 | 29.50 | 0.39 |
| 5 | 0.75 | off | local only | 0.30 | light | 0.10 | 148 | 30.52 | 0.50 |
| 5 | 0.75 | off | local only | 0.30 | full | 0.11 | 147 | 30.36 | 0.50 |
| 5 | 0.90 | on | local+carry | 0.25 | none | 16.36 | 371 | 56.85 | 0.39 |
| 5 | 0.90 | on | local+carry | 0.25 | light | 12.47 | 311 | 55.55 | 0.40 |
| 5 | 0.90 | on | local+carry | 0.25 | full | 7.84 | 245 | 53.30 | 0.41 |
| 5 | 0.90 | on | local only | 0.25 | none | 11.29 | 298 | 45.74 | 0.29 |
| 5 | 0.90 | on | local only | 0.25 | light | 7.96 | 246 | 45.59 | 0.29 |
| 5 | 0.90 | on | local only | 0.25 | full | 4.17 | 193 | 45.32 | 0.30 |
| 5 | 0.90 | on | local only | 0.20 | none | 9.22 | 266 | 40.73 | 0.24 |
| 5 | 0.90 | on | local only | 0.20 | light | 6.06 | 219 | 41.48 | 0.25 |
| 5 | 0.90 | on | local only | 0.20 | full | 2.83 | 173 | 42.26 | 0.26 |
| 5 | 0.90 | on | local only | 0.15 | none | 6.78 | 233 | 35.77 | 0.20 |
| 5 | 0.90 | on | local only | 0.15 | light | 4.22 | 193 | 37.37 | 0.20 |
| 5 | 0.90 | on | local only | 0.15 | full | 1.39 | 153 | 39.13 | 0.22 |
| 5 | 0.90 | off | local+carry | 0.40 | none | 7.70 | 225 | 34.52 | 0.62 |
| 5 | 0.90 | off | local+carry | 0.40 | light | 2.56 | 154 | 31.47 | 0.69 |
| 5 | 0.90 | off | local+carry | 0.40 | full | 2.64 | 155 | 31.62 | 0.69 |
| 5 | 0.90 | off | local only | 0.40 | none | 4.76 | 186 | 28.57 | 0.49 |
| 5 | 0.90 | off | local only | 0.40 | light | 0.31 | 126 | 27.14 | 0.56 |
| 5 | 0.90 | off | local only | 0.40 | full | 0.31 | 125 | 26.99 | 0.56 |
| 5 | 0.90 | off | local only | 0.30 | none | 2.55 | 158 | 24.22 | 0.39 |
| 5 | 0.90 | off | local only | 0.30 | light | 0.01 | 121 | 26.36 | 0.53 |
| 5 | 0.90 | off | local only | 0.30 | full | 0.01 | 121 | 26.40 | 0.54 |
| 9 | 0.65 | on | local+carry | 0.25 | none | 18.08 | 594 | 91.12 | 0.36 |
| 9 | 0.65 | on | local+carry | 0.25 | light | 15.20 | 529 | 89.19 | 0.37 |
| 9 | 0.65 | on | local+carry | 0.25 | full | 12.52 | 469 | 88.09 | 0.40 |
| 9 | 0.65 | on | local only | 0.25 | none | 14.67 | 518 | 79.44 | 0.30 |
| 9 | 0.65 | on | local only | 0.25 | light | 11.73 | 457 | 78.21 | 0.30 |
| 9 | 0.65 | on | local only | 0.25 | full | 8.93 | 395 | 76.71 | 0.31 |
| 9 | 0.65 | on | local only | 0.20 | none | 11.40 | 452 | 69.35 | 0.24 |
| 9 | 0.65 | on | local only | 0.20 | light | 8.97 | 396 | 68.75 | 0.24 |
| 9 | 0.65 | on | local only | 0.20 | full | 6.25 | 339 | 68.07 | 0.25 |
| 9 | 0.65 | on | local only | 0.15 | none | 8.50 | 390 | 59.82 | 0.19 |
| 9 | 0.65 | on | local only | 0.15 | light | 6.64 | 343 | 60.73 | 0.20 |
| 9 | 0.65 | on | local only | 0.15 | full | 4.24 | 296 | 61.53 | 0.20 |
| 9 | 0.65 | off | local+carry | 0.40 | none | 7.97 | 349 | 53.58 | 0.60 |
| 9 | 0.65 | off | local+carry | 0.40 | light | 4.40 | 273 | 49.93 | 0.67 |
| 9 | 0.65 | off | local+carry | 0.40 | full | 4.36 | 273 | 50.00 | 0.67 |
| 9 | 0.65 | off | local only | 0.40 | none | 6.90 | 327 | 50.07 | 0.54 |
| 9 | 0.65 | off | local only | 0.40 | light | 2.39 | 235 | 44.07 | 0.56 |
| 9 | 0.65 | off | local only | 0.40 | full | 2.35 | 233 | 43.86 | 0.56 |
| 9 | 0.65 | off | local only | 0.30 | none | 3.89 | 266 | 40.74 | 0.41 |
| 9 | 0.65 | off | local only | 0.30 | light | 0.62 | 199 | 38.63 | 0.46 |
| 9 | 0.65 | off | local only | 0.30 | full | 0.65 | 199 | 38.56 | 0.46 |
| 9 | 0.75 | on | local+carry | 0.25 | none | 17.02 | 512 | 78.56 | 0.37 |
| 9 | 0.75 | on | local+carry | 0.25 | light | 14.25 | 455 | 77.92 | 0.38 |
| 9 | 0.75 | on | local+carry | 0.25 | full | 10.75 | 387 | 75.43 | 0.40 |
| 9 | 0.75 | on | local only | 0.25 | none | 13.82 | 452 | 69.24 | 0.30 |
| 9 | 0.75 | on | local only | 0.25 | light | 10.74 | 387 | 67.48 | 0.30 |
| 9 | 0.75 | on | local only | 0.25 | full | 7.31 | 321 | 65.46 | 0.31 |
| 9 | 0.75 | on | local only | 0.20 | none | 10.71 | 389 | 59.70 | 0.24 |
| 9 | 0.75 | on | local only | 0.20 | light | 8.23 | 339 | 60.00 | 0.25 |
| 9 | 0.75 | on | local only | 0.20 | full | 5.20 | 279 | 58.96 | 0.25 |
| 9 | 0.75 | on | local only | 0.15 | none | 8.33 | 342 | 52.51 | 0.19 |
| 9 | 0.75 | on | local only | 0.15 | light | 6.03 | 296 | 53.53 | 0.20 |
| 9 | 0.75 | on | local only | 0.15 | full | 3.53 | 248 | 54.14 | 0.21 |
| 9 | 0.75 | off | local+carry | 0.40 | none | 7.71 | 304 | 46.55 | 0.60 |
| 9 | 0.75 | off | local+carry | 0.40 | light | 3.43 | 223 | 42.31 | 0.69 |
| 9 | 0.75 | off | local+carry | 0.40 | full | 3.39 | 223 | 42.28 | 0.68 |
| 9 | 0.75 | off | local only | 0.40 | none | 6.51 | 281 | 43.04 | 0.54 |
| 9 | 0.75 | off | local only | 0.40 | light | 1.44 | 189 | 37.05 | 0.57 |
| 9 | 0.75 | off | local only | 0.40 | full | 1.52 | 190 | 37.20 | 0.57 |
| 9 | 0.75 | off | local only | 0.30 | none | 3.73 | 233 | 35.78 | 0.41 |
| 9 | 0.75 | off | local only | 0.30 | light | 0.16 | 167 | 33.67 | 0.49 |
| 9 | 0.75 | off | local only | 0.30 | full | 0.22 | 168 | 33.77 | 0.49 |
| 9 | 0.90 | on | local+carry | 0.25 | none | 16.75 | 427 | 65.44 | 0.36 |
| 9 | 0.90 | on | local+carry | 0.25 | light | 13.05 | 363 | 63.67 | 0.38 |
| 9 | 0.90 | on | local+carry | 0.25 | full | 8.97 | 296 | 61.56 | 0.40 |
| 9 | 0.90 | on | local only | 0.25 | none | 13.61 | 376 | 57.68 | 0.30 |
| 9 | 0.90 | on | local only | 0.25 | light | 10.03 | 314 | 56.18 | 0.31 |
| 9 | 0.90 | on | local only | 0.25 | full | 6.22 | 251 | 54.65 | 0.32 |
| 9 | 0.90 | on | local only | 0.20 | none | 10.87 | 330 | 50.52 | 0.24 |
| 9 | 0.90 | on | local only | 0.20 | light | 7.77 | 276 | 50.48 | 0.25 |
| 9 | 0.90 | on | local only | 0.20 | full | 4.26 | 219 | 49.73 | 0.26 |
| 9 | 0.90 | on | local only | 0.15 | none | 8.49 | 291 | 44.69 | 0.20 |
| 9 | 0.90 | on | local only | 0.15 | light | 5.63 | 241 | 45.01 | 0.20 |
| 9 | 0.90 | on | local only | 0.15 | full | 2.72 | 194 | 45.98 | 0.21 |
| 9 | 0.90 | off | local+carry | 0.40 | none | 7.57 | 250 | 38.39 | 0.60 |
| 9 | 0.90 | off | local+carry | 0.40 | light | 2.38 | 170 | 34.11 | 0.71 |
| 9 | 0.90 | off | local+carry | 0.40 | full | 2.39 | 170 | 34.20 | 0.71 |
| 9 | 0.90 | off | local only | 0.40 | none | 6.44 | 234 | 35.87 | 0.54 |
| 9 | 0.90 | off | local only | 0.40 | light | 0.67 | 144 | 30.21 | 0.60 |
| 9 | 0.90 | off | local only | 0.40 | full | 0.57 | 144 | 30.14 | 0.60 |
| 9 | 0.90 | off | local only | 0.30 | none | 3.74 | 193 | 29.66 | 0.41 |
| 9 | 0.90 | off | local only | 0.30 | light | 0.04 | 135 | 28.86 | 0.57 |
| 9 | 0.90 | off | local only | 0.30 | full | 0.05 | 136 | 28.86 | 0.56 |

==== v3_specials ====

### Special mechanics vs the same fight without them (single battle from full HP/MP, 1 potion, speech on, companion on; roster stats from enemies.json)

| mechanic | tier | acc | special | win rate | questions | HP lost (share of max) | summons per fight |
|---|---|---|---|---|---|---|---|
| queen_bee | 2 | 0.50 | off | 0.99 | 40.89 | 0.50 | 0.00 |
| queen_bee | 2 | 0.50 | on | 0.01 | 59.12 | 1.00 | 4.97 |
| queen_bee | 2 | 0.65 | off | 1.00 | 34.12 | 0.39 | 0.00 |
| queen_bee | 2 | 0.65 | on | 0.45 | 101 | 0.87 | 10.78 |
| queen_bee | 2 | 0.75 | off | 1.00 | 30.34 | 0.26 | 0.00 |
| queen_bee | 2 | 0.75 | on | 0.96 | 95.09 | 0.55 | 10.96 |
| queen_bee | 2 | 0.90 | off | 1.00 | 23.75 | 0.06 | 0.00 |
| queen_bee | 2 | 0.90 | on | 1.00 | 58.66 | 0.25 | 7.06 |
| hydra | 5 | 0.50 | off | 0.72 | 38.17 | 0.74 | 0.00 |
| hydra | 5 | 0.50 | on | 0.52 | 39.37 | 0.84 | 0.00 |
| hydra | 5 | 0.65 | off | 0.99 | 34.38 | 0.48 | 0.00 |
| hydra | 5 | 0.65 | on | 0.96 | 37.43 | 0.54 | 0.00 |
| hydra | 5 | 0.75 | off | 1.00 | 29.97 | 0.36 | 0.00 |
| hydra | 5 | 0.75 | on | 1.00 | 33.01 | 0.41 | 0.00 |
| hydra | 5 | 0.90 | off | 1.00 | 23.98 | 0.11 | 0.00 |
| hydra | 5 | 0.90 | on | 1.00 | 26.31 | 0.15 | 0.00 |
| shadow_dragon | 9 | 0.50 | off | 0.98 | 33.11 | 0.54 | 0.00 |
| shadow_dragon | 9 | 0.50 | on | 0.98 | 33.07 | 0.54 | 0.00 |
| shadow_dragon | 9 | 0.65 | off | 1.00 | 27.24 | 0.38 | 0.00 |
| shadow_dragon | 9 | 0.65 | on | 1.00 | 27.26 | 0.38 | 0.00 |
| shadow_dragon | 9 | 0.75 | off | 1.00 | 23.92 | 0.24 | 0.00 |
| shadow_dragon | 9 | 0.75 | on | 1.00 | 23.92 | 0.24 | 0.00 |
| shadow_dragon | 9 | 0.90 | off | 1.00 | 18.87 | 0.06 | 0.00 |
| shadow_dragon | 9 | 0.90 | on | 1.00 | 18.87 | 0.06 | 0.00 |
| troll | 8 | 0.50 | off | 1.00 | 19.11 | 0.41 | 0.00 |
| troll | 8 | 0.50 | on | 1.00 | 19.18 | 0.41 | 0.00 |
| troll | 8 | 0.65 | off | 1.00 | 16.27 | 0.24 | 0.00 |
| troll | 8 | 0.65 | on | 1.00 | 16.29 | 0.24 | 0.00 |
| troll | 8 | 0.75 | off | 1.00 | 14.68 | 0.14 | 0.00 |
| troll | 8 | 0.75 | on | 1.00 | 14.69 | 0.14 | 0.00 |
| troll | 8 | 0.90 | off | 1.00 | 12.55 | 0.03 | 0.00 |
| troll | 8 | 0.90 | on | 1.00 | 12.55 | 0.03 | 0.00 |
| queen_bee_v3 | 2 | 0.50 | off | 0.99 | 40.89 | 0.50 | 0.00 |
| queen_bee_v3 | 2 | 0.50 | on | 0.84 | 52.18 | 0.68 | 2.00 |
| queen_bee_v3 | 2 | 0.65 | off | 1.00 | 34.12 | 0.39 | 0.00 |
| queen_bee_v3 | 2 | 0.65 | on | 1.00 | 45.75 | 0.46 | 2.00 |
| queen_bee_v3 | 2 | 0.75 | off | 1.00 | 30.34 | 0.26 | 0.00 |
| queen_bee_v3 | 2 | 0.75 | on | 1.00 | 40.06 | 0.36 | 2.00 |
| queen_bee_v3 | 2 | 0.90 | off | 1.00 | 23.75 | 0.06 | 0.00 |
| queen_bee_v3 | 2 | 0.90 | on | 1.00 | 29.85 | 0.10 | 2.00 |
| shadow_dragon_focus | 9 | 0.50 | off | 0.98 | 33.11 | 0.54 | 0.00 |
| shadow_dragon_focus | 9 | 0.50 | on | 0.88 | 36.55 | 0.68 | 0.00 |
| shadow_dragon_focus | 9 | 0.65 | off | 1.00 | 27.24 | 0.38 | 0.00 |
| shadow_dragon_focus | 9 | 0.65 | on | 1.00 | 32.68 | 0.47 | 0.00 |
| shadow_dragon_focus | 9 | 0.75 | off | 1.00 | 23.92 | 0.24 | 0.00 |
| shadow_dragon_focus | 9 | 0.75 | on | 1.00 | 29.29 | 0.37 | 0.00 |
| shadow_dragon_focus | 9 | 0.90 | off | 1.00 | 18.87 | 0.06 | 0.00 |
| shadow_dragon_focus | 9 | 0.90 | on | 1.00 | 22.53 | 0.14 | 0.00 |
| troll_tag | 8 | 0.50 | off | 1.00 | 19.11 | 0.41 | 0.00 |
| troll_tag | 8 | 0.50 | on | 1.00 | 20.09 | 0.42 | 0.00 |
| troll_tag | 8 | 0.65 | off | 1.00 | 16.27 | 0.24 | 0.00 |
| troll_tag | 8 | 0.65 | on | 1.00 | 17.07 | 0.27 | 0.00 |
| troll_tag | 8 | 0.75 | off | 1.00 | 14.68 | 0.14 | 0.00 |
| troll_tag | 8 | 0.75 | on | 1.00 | 15.39 | 0.16 | 0.00 |
| troll_tag | 8 | 0.90 | off | 1.00 | 12.55 | 0.03 | 0.00 |
| troll_tag | 8 | 0.90 | on | 1.00 | 12.41 | 0.04 | 0.00 |

==== v3f_elites ====

### Elite fight vs the same normal fight (single battle from full HP/MP, 1 potion, speech on, companion on; the elite replaces one normal enemy)

| tier | acc | fight | win rate | questions | HP lost (share of max) |
|---|---|---|---|---|---|
| 1 | 0.50 | normal only | 1.00 | 14.25 | 0.18 |
| 1 | 0.50 | with elite | 1.00 | 20.29 | 0.35 |
| 1 | 0.65 | normal only | 1.00 | 12.27 | 0.11 |
| 1 | 0.65 | with elite | 1.00 | 17.46 | 0.22 |
| 1 | 0.75 | normal only | 1.00 | 11.10 | 0.07 |
| 1 | 0.75 | with elite | 1.00 | 15.85 | 0.15 |
| 1 | 0.90 | normal only | 1.00 | 9.36 | 0.03 |
| 1 | 0.90 | with elite | 1.00 | 13.36 | 0.06 |
| 2 | 0.50 | normal only | 1.00 | 14.43 | 0.25 |
| 2 | 0.50 | with elite | 1.00 | 22.09 | 0.41 |
| 2 | 0.65 | normal only | 1.00 | 12.48 | 0.14 |
| 2 | 0.65 | with elite | 1.00 | 18.68 | 0.26 |
| 2 | 0.75 | normal only | 1.00 | 11.38 | 0.08 |
| 2 | 0.75 | with elite | 1.00 | 16.76 | 0.15 |
| 2 | 0.90 | normal only | 1.00 | 9.69 | 0.02 |
| 2 | 0.90 | with elite | 1.00 | 14.04 | 0.04 |
| 5 | 0.50 | normal only | 0.99 | 20.05 | 0.46 |
| 5 | 0.50 | with elite | 0.94 | 26.16 | 0.57 |
| 5 | 0.65 | normal only | 1.00 | 17.58 | 0.30 |
| 5 | 0.65 | with elite | 0.99 | 22.70 | 0.39 |
| 5 | 0.75 | normal only | 1.00 | 15.90 | 0.19 |
| 5 | 0.75 | with elite | 1.00 | 20.27 | 0.26 |
| 5 | 0.90 | normal only | 1.00 | 13.52 | 0.05 |
| 5 | 0.90 | with elite | 1.00 | 16.72 | 0.08 |
| 9 | 0.50 | normal only | 0.97 | 23.27 | 0.55 |
| 9 | 0.50 | with elite | 0.87 | 28.23 | 0.65 |
| 9 | 0.65 | normal only | 1.00 | 19.89 | 0.37 |
| 9 | 0.65 | with elite | 0.99 | 24.32 | 0.44 |
| 9 | 0.75 | normal only | 1.00 | 17.83 | 0.25 |
| 9 | 0.75 | with elite | 1.00 | 21.74 | 0.31 |
| 9 | 0.90 | normal only | 1.00 | 15.51 | 0.06 |
| 9 | 0.90 | with elite | 1.00 | 18.22 | 0.09 |

### Elites on/off over a realm (saver, speech on, nets+, v3 defaults)

| tier | acc | elites | defeat rate | battles between restores | minutes per location | gear gold |
|---|---|---|---|---|---|---|
| 1 | 0.50 | off | 0.00 | 3.43 | 61.11 | 587 |
| 1 | 0.50 | on | 0.00 | 3.34 | 61.12 | 599 |
| 1 | 0.65 | off | 0.00 | 4.71 | 47.37 | 593 |
| 1 | 0.65 | on | 0.00 | 4.54 | 47.36 | 604 |
| 1 | 0.75 | off | 0.00 | 6.49 | 41.48 | 608 |
| 1 | 0.75 | on | 0.00 | 6.35 | 41.56 | 615 |
| 5 | 0.50 | off | 0.12 | 1.72 | 74.68 | 2261 |
| 5 | 0.50 | on | 0.13 | 1.69 | 75.02 | 2278 |
| 5 | 0.65 | off | 0.03 | 2.66 | 57.51 | 2870 |
| 5 | 0.65 | on | 0.03 | 2.58 | 57.31 | 2879 |
| 5 | 0.75 | off | 0.00 | 3.86 | 49.78 | 3189 |
| 5 | 0.75 | on | 0.00 | 3.77 | 49.95 | 3214 |
| 9 | 0.50 | off | 0.18 | 1.42 | 90.76 | 4828 |
| 9 | 0.50 | on | 0.19 | 1.41 | 90.23 | 4839 |
| 9 | 0.65 | off | 0.03 | 2.05 | 68.42 | 6779 |
| 9 | 0.65 | on | 0.04 | 2.05 | 68.97 | 6911 |
| 9 | 0.75 | off | 0.00 | 2.95 | 59.32 | 7736 |
| 9 | 0.75 | on | 0.00 | 2.85 | 59.80 | 7815 |

==== v3_spells ====

v3.7 spells (free casts) + quests campaign sim (realms 1-9 chained), n=150 campaigns per row. "v3.7" = v3.5 rules (free cast, no question, NO cast cap, MP cost = 1.25 x v3.4, fixed spell power, Super Blizzard Freeze 1 turn and not on bosses, 2.5 s per cast) + NO MP regen on correct answers (MP only from the inn, waking after a defeat, or map-only Mana Tea) + v3.7 boss HP (location x1.2-1.9 for ~15 correct answers, realm x1.05-1.85 for ~20; see boss_hp) and boss ATK x0.8, no MP hints (v3.6). v3.6 (location bosses ~20 correct answers) is the archived run in build/v3/archive_v3_6 (same code and seeds); v3.5 is in build/v3/archive_v3_5. no Ward, Mana Tea 6xG / Big Mana Tea 15xG map-only, Blacksmith-first nudge. MP styles: free = casts in every fight whenever a spell beats an attack; save = in normal fights keeps MP for 2 casts of its strongest spell (casts freely in elite and boss fights); save+tea / free+tea = also keeps 1 Mana Tea (Big Mana Tea from town 5) in stock and drinks it at the boss gate. Default boss gate: the kid visits the inn first when HP < 80% (save styles also when MP < 60%; no hint tells them to); "far gate" = only when HP < 50%. Heal and Shield are kept 20 MP in reserve by Sweep / Frost. Question share = questions / (questions + non-question turns: casts and potions). Hero turns cast = casts / (casts + hero question turns).

### A. Whole campaign
| acc | speech | kid | mode | playthrough h | spells owned | defeat % | boss 1st-try | boss q | normal q | question share normal / elite / boss | hero turns cast normal / elite / boss | casts per battle normal / elite / boss | heals/b | full-gear share | free inns | gold=0 | MP at battle start | MP at boss start | boss HP lost | casts per boss battle | Mana Tea bought / drunk per run | tea gold per run | proficient at realm end |
|---|---|---|---|---|---|---|---|---|---|---|---|---|---|---|---|---|---|---|---|---|---|---|
| 50% | on | saver | no spells | 26.9 | 0.0 | 9.4% | 0.94 | 36.0 | 20.9 | 0.972 / 0.968 / 0.977 | 0.0% / 0.0% / 0.0% | 0.00 / 0.00 / 0.00 | 0.34 | 0.96 | 0.0 | 0.00 | 84% | 98% | 58% | 0.00 | 0.0 / 0.0 | 0 | 23% |
| 50% | on | saver | v3.7 free | 26.9 | 0.6 | 8.3% | 0.93 | 35.2 | 20.4 | 0.957 / 0.954 / 0.966 | 4.6% / 3.6% / 2.8% | 0.32 / 0.33 / 0.40 | 0.28 | 0.96 | 0.0 | 0.00 | 85% | 98% | 61% | 0.40 | 0.0 / 1.3 | 0 | 23% |
| 50% | on | saver | v3.7 save | 26.9 | 0.6 | 9.2% | 0.93 | 35.1 | 20.9 | 0.972 / 0.957 / 0.965 | 0.2% / 2.9% / 2.8% | 0.01 / 0.27 / 0.40 | 0.33 | 0.96 | 0.0 | 0.00 | 85% | 99% | 61% | 0.40 | 0.0 / 1.4 | 0 | 23% |
| 50% | on | saver | v3.7 save+tea | 26.9 | 0.6 | 9.3% | 0.93 | 35.1 | 20.9 | 0.972 / 0.956 / 0.966 | 0.2% / 3.0% / 2.8% | 0.01 / 0.28 / 0.40 | 0.33 | 0.95 | 0.0 | 0.00 | 85% | 99% | 61% | 0.40 | 2.2 / 2.6 | 1675 | 23% |
| 50% | on | spender | no spells | 18.3 | 0.0 | 22.0% | 0.70 | 32.1 | 20.8 | 0.990 / 0.993 / 0.996 | 0.0% / 0.0% / 0.0% | 0.00 / 0.00 / 0.00 | 0.52 | 0.92 | 1.5 | 0.00 | 91% | 98% | 78% | 0.00 | 0.0 / 0.0 | 0 | 11% |
| 50% | on | spender | v3.7 free | 18.3 | 0.0 | 22.0% | 0.70 | 32.1 | 20.8 | 0.990 / 0.993 / 0.996 | 0.0% / 0.0% / 0.0% | 0.00 / 0.00 / 0.00 | 0.52 | 0.92 | 1.5 | 0.00 | 91% | 98% | 78% | 0.00 | 0.0 / 0.0 | 0 | 11% |
| 50% | on | spender | v3.7 save | 18.3 | 0.0 | 22.0% | 0.70 | 32.1 | 20.8 | 0.990 / 0.993 / 0.996 | 0.0% / 0.0% / 0.0% | 0.00 / 0.00 / 0.00 | 0.52 | 0.92 | 1.5 | 0.00 | 91% | 98% | 78% | 0.00 | 0.0 / 0.0 | 0 | 11% |
| 50% | on | spender | v3.7 save+tea | 18.3 | 0.0 | 22.0% | 0.70 | 32.1 | 20.8 | 0.990 / 0.993 / 0.996 | 0.0% / 0.0% / 0.0% | 0.00 / 0.00 / 0.00 | 0.52 | 0.92 | 1.5 | 0.00 | 91% | 98% | 78% | 0.00 | 0.0 / 0.0 | 0 | 11% |
| 65% | on | saver | no spells | 20.7 | 0.0 | 0.8% | 1.00 | 31.2 | 18.5 | 0.981 / 0.977 / 0.989 | 0.0% / 0.0% / 0.0% | 0.00 / 0.00 / 0.00 | 0.16 | 0.96 | 0.0 | 0.00 | 76% | 96% | 41% | 0.00 | 0.0 / 0.0 | 0 | 23% |
| 65% | on | saver | v3.7 free | 20.8 | 4.3 | 0.2% | 1.00 | 29.7 | 16.7 | 0.934 / 0.943 / 0.955 | 15.2% / 9.7% / 8.0% | 0.89 / 0.80 / 1.00 | 0.03 | 0.97 | 0.0 | 0.00 | 74% | 94% | 42% | 1.00 | 0.0 / 4.5 | 0 | 23% |
| 65% | on | saver | v3.7 save | 20.6 | 4.1 | 0.6% | 1.00 | 29.3 | 18.4 | 0.982 / 0.949 / 0.953 | 0.0% / 7.5% / 8.4% | 0.00 / 0.62 / 1.05 | 0.14 | 0.96 | 0.0 | 0.00 | 76% | 97% | 43% | 1.05 | 0.0 / 3.3 | 0 | 23% |
| 65% | on | saver | v3.7 save+tea | 20.6 | 3.7 | 0.7% | 1.00 | 29.4 | 18.4 | 0.982 / 0.950 / 0.954 | 0.0% / 7.3% / 8.5% | 0.00 / 0.61 / 1.07 | 0.14 | 0.96 | 0.0 | 0.00 | 76% | 98% | 42% | 1.07 | 4.9 / 6.7 | 3546 | 23% |
| 65% | on | spender | no spells | 14.3 | 0.0 | 3.4% | 0.97 | 30.9 | 18.6 | 0.988 / 0.989 / 0.996 | 0.0% / 0.0% / 0.0% | 0.00 / 0.00 / 0.00 | 0.22 | 0.96 | 0.1 | 0.00 | 79% | 95% | 48% | 0.00 | 0.0 / 0.0 | 0 | 11% |
| 65% | on | spender | v3.7 free | 14.1 | 0.7 | 3.1% | 0.97 | 30.6 | 18.3 | 0.983 / 0.984 / 0.991 | 1.5% / 1.2% / 1.0% | 0.10 / 0.10 / 0.13 | 0.20 | 0.96 | 0.2 | 0.00 | 79% | 95% | 48% | 0.13 | 0.0 / 0.7 | 0 | 11% |
| 65% | on | spender | v3.7 save | 14.3 | 0.7 | 3.4% | 0.97 | 30.6 | 18.5 | 0.988 / 0.986 / 0.991 | 0.0% / 1.1% / 1.0% | 0.00 / 0.09 / 0.13 | 0.22 | 0.96 | 0.2 | 0.00 | 79% | 95% | 48% | 0.13 | 0.0 / 0.6 | 0 | 11% |
| 65% | on | spender | v3.7 save+tea | 14.3 | 0.7 | 3.5% | 0.97 | 30.6 | 18.5 | 0.988 / 0.986 / 0.991 | 0.0% / 1.0% / 1.0% | 0.00 / 0.09 / 0.13 | 0.22 | 0.95 | 0.5 | 0.00 | 79% | 95% | 48% | 0.13 | 1.4 / 0.9 | 1252 | 11% |
| 75% | on | saver | no spells | 18.0 | 0.0 | 0.0% | 1.00 | 27.5 | 16.5 | 0.991 / 0.988 / 0.996 | 0.0% / 0.0% / 0.0% | 0.00 / 0.00 / 0.00 | 0.07 | 0.96 | 0.0 | 0.00 | 70% | 90% | 31% | 0.00 | 0.0 / 0.0 | 0 | 24% |
| 75% | on | saver | v3.7 free | 17.9 | 5.1 | 0.0% | 1.00 | 26.1 | 15.4 | 0.949 / 0.959 / 0.962 | 13.0% / 8.2% / 8.4% | 0.70 / 0.61 / 0.94 | 0.01 | 0.97 | 0.0 | 0.00 | 62% | 89% | 31% | 0.94 | 0.0 / 6.5 | 0 | 23% |
| 75% | on | saver | v3.7 save | 17.9 | 5.3 | 0.0% | 1.00 | 26.0 | 16.5 | 0.991 / 0.958 / 0.955 | 0.0% / 8.1% / 9.9% | 0.00 / 0.61 / 1.10 | 0.06 | 0.96 | 0.0 | 0.00 | 69% | 94% | 32% | 1.10 | 0.0 / 4.5 | 0 | 23% |
| 75% | on | saver | v3.7 save+tea | 17.9 | 4.6 | 0.0% | 1.00 | 26.0 | 16.5 | 0.991 / 0.958 / 0.955 | 0.0% / 8.0% / 9.9% | 0.00 / 0.60 / 1.11 | 0.06 | 0.96 | 0.0 | 0.00 | 70% | 96% | 31% | 1.11 | 6.2 / 8.3 | 4325 | 23% |
| 75% | on | spender | no spells | 12.9 | 0.0 | 0.1% | 1.00 | 27.3 | 16.7 | 0.990 / 0.989 / 0.996 | 0.0% / 0.0% / 0.0% | 0.00 / 0.00 / 0.00 | 0.07 | 0.96 | 0.0 | 0.00 | 71% | 89% | 31% | 0.00 | 0.0 / 0.0 | 0 | 12% |
| 75% | on | spender | v3.7 free | 12.6 | 2.0 | 0.1% | 1.00 | 27.0 | 16.1 | 0.970 / 0.975 / 0.982 | 6.2% / 3.7% / 3.4% | 0.34 / 0.28 / 0.38 | 0.03 | 0.96 | 0.2 | 0.00 | 68% | 88% | 31% | 0.38 | 0.0 / 2.7 | 0 | 12% |
| 75% | on | spender | v3.7 save | 12.8 | 2.0 | 0.1% | 1.00 | 26.8 | 16.6 | 0.990 / 0.974 / 0.980 | 0.0% / 3.8% / 4.0% | 0.00 / 0.29 / 0.46 | 0.07 | 0.96 | 0.2 | 0.00 | 71% | 92% | 31% | 0.46 | 0.0 / 2.6 | 0 | 12% |
| 75% | on | spender | v3.7 save+tea | 12.8 | 1.5 | 0.1% | 1.00 | 27.0 | 16.7 | 0.990 / 0.975 / 0.980 | 0.0% / 3.4% / 3.8% | 0.00 / 0.26 / 0.44 | 0.07 | 0.96 | 0.3 | 0.00 | 71% | 93% | 31% | 0.44 | 5.0 / 4.7 | 4013 | 12% |
| 90% | on | saver | no spells | 14.9 | 0.0 | 0.0% | 1.00 | 21.6 | 13.9 | 0.999 / 0.999 / 1.000 | 0.0% / 0.0% / 0.0% | 0.00 / 0.00 / 0.00 | 0.00 | 0.96 | 0.0 | 0.00 | 54% | 70% | 10% | 0.00 | 0.0 / 0.0 | 0 | 24% |
| 90% | on | saver | v3.7 free | 14.9 | 6.2 | 0.0% | 1.00 | 21.0 | 13.5 | 0.973 / 0.977 / 0.966 | 7.8% / 5.9% / 8.4% | 0.36 / 0.37 / 0.74 | 0.00 | 0.96 | 0.0 | 0.00 | 40% | 72% | 11% | 0.74 | 0.0 / 8.6 | 0 | 23% |
| 90% | on | saver | v3.7 save | 14.8 | 6.3 | 0.0% | 1.00 | 20.8 | 13.9 | 0.999 / 0.971 / 0.953 | 0.0% / 7.5% / 11.6% | 0.00 / 0.47 / 1.03 | 0.00 | 0.96 | 0.0 | 0.00 | 53% | 89% | 11% | 1.03 | 0.0 / 7.8 | 0 | 23% |
| 90% | on | saver | v3.7 save+tea | 14.8 | 5.4 | 0.0% | 1.00 | 20.8 | 13.9 | 0.999 / 0.973 / 0.948 | 0.0% / 7.0% / 12.9% | 0.00 / 0.44 / 1.14 | 0.00 | 0.96 | 0.0 | 0.00 | 53% | 94% | 11% | 1.14 | 8.7 / 11.2 | 5927 | 23% |
| 90% | on | spender | no spells | 11.2 | 0.0 | 0.0% | 1.00 | 21.6 | 14.0 | 0.999 / 0.999 / 1.000 | 0.0% / 0.0% / 0.0% | 0.00 / 0.00 / 0.00 | 0.00 | 0.96 | 0.0 | 0.00 | 56% | 71% | 10% | 0.00 | 0.0 / 0.0 | 0 | 13% |
| 90% | on | spender | v3.7 free | 11.1 | 3.0 | 0.0% | 1.00 | 21.3 | 13.7 | 0.981 / 0.984 / 0.981 | 5.3% / 4.0% / 4.6% | 0.25 / 0.25 / 0.41 | 0.00 | 0.96 | 0.1 | 0.00 | 47% | 68% | 11% | 0.41 | 0.0 / 3.9 | 0 | 13% |
| 90% | on | spender | v3.7 save | 11.2 | 3.1 | 0.0% | 1.00 | 21.2 | 14.0 | 0.999 / 0.982 / 0.968 | 0.0% / 4.4% / 7.8% | 0.00 / 0.28 / 0.69 | 0.00 | 0.96 | 0.1 | 0.00 | 56% | 86% | 11% | 0.69 | 0.0 / 3.9 | 0 | 13% |
| 90% | on | spender | v3.7 save+tea | 11.2 | 2.0 | 0.0% | 1.00 | 21.4 | 14.0 | 0.999 / 0.984 / 0.972 | 0.0% / 4.0% / 6.9% | 0.00 / 0.26 / 0.62 | 0.00 | 0.96 | 0.1 | 0.00 | 56% | 88% | 10% | 0.62 | 7.6 / 8.3 | 5856 | 13% |
| 75% | on | saver | v3.7 free+tea | 18.0 | 4.5 | 0.0% | 1.00 | 26.2 | 15.4 | 0.949 / 0.958 / 0.958 | 12.9% / 8.3% / 9.2% | 0.69 / 0.63 / 1.04 | 0.01 | 0.97 | 0.0 | 0.00 | 62% | 94% | 31% | 1.04 | 5.6 / 7.0 | 3916 | 23% |
| 75% | on | spender | v3.7 free+tea | 12.6 | 1.1 | 0.1% | 1.00 | 26.9 | 16.2 | 0.971 / 0.976 / 0.980 | 6.1% / 3.5% / 3.9% | 0.34 / 0.27 / 0.44 | 0.04 | 0.95 | 0.4 | 0.00 | 69% | 93% | 31% | 0.44 | 5.2 / 4.5 | 4042 | 12% |
| 90% | on | saver | v3.7 free+tea | 14.9 | 5.1 | 0.0% | 1.00 | 21.0 | 13.5 | 0.972 / 0.979 / 0.953 | 7.8% / 5.5% / 11.5% | 0.36 / 0.35 / 1.02 | 0.00 | 0.96 | 0.0 | 0.00 | 41% | 91% | 11% | 1.02 | 9.9 / 11.9 | 6514 | 23% |
| 90% | on | spender | v3.7 free+tea | 11.2 | 1.8 | 0.0% | 1.00 | 21.5 | 13.9 | 0.983 / 0.986 / 0.973 | 4.6% / 3.3% / 6.5% | 0.22 / 0.21 / 0.58 | 0.00 | 0.96 | 0.1 | 0.00 | 49% | 88% | 11% | 0.58 | 8.4 / 8.6 | 6216 | 13% |
| 75% | on | saver | no spells, far gate | 17.9 | 0.0 | 0.0% | 1.00 | 27.5 | 16.5 | 0.991 / 0.989 / 0.990 | 0.0% / 0.0% / 0.0% | 0.00 / 0.00 / 0.00 | 0.07 | 0.96 | 0.0 | 0.00 | 69% | 69% | 22% | 0.00 | 0.0 / 0.0 | 0 | 24% |
| 75% | on | saver | v3.7 free, far gate | 18.0 | 5.2 | 0.0% | 1.00 | 26.3 | 15.4 | 0.948 / 0.958 / 0.965 | 13.2% / 8.6% / 7.1% | 0.71 / 0.64 / 0.79 | 0.01 | 0.97 | 0.0 | 0.00 | 62% | 81% | 28% | 0.79 | 0.0 / 6.6 | 0 | 23% |
| 75% | on | saver | v3.7 save, far gate | 17.9 | 5.3 | 0.0% | 1.00 | 26.5 | 16.5 | 0.991 / 0.958 / 0.956 | 0.0% / 8.3% / 8.6% | 0.00 / 0.63 / 0.97 | 0.06 | 0.96 | 0.0 | 0.00 | 69% | 88% | 26% | 0.97 | 0.0 / 4.6 | 0 | 23% |
| 75% | on | saver | v3.7 save+tea, far gate | 17.9 | 4.7 | 0.0% | 1.00 | 26.3 | 16.5 | 0.991 / 0.959 / 0.952 | 0.0% / 7.9% / 9.4% | 0.00 / 0.59 / 1.05 | 0.06 | 0.96 | 0.0 | 0.00 | 70% | 94% | 24% | 1.05 | 6.1 / 8.2 | 4329 | 23% |
| 50% | on | saver | no spells, far gate | 27.0 | 0.0 | 9.9% | 0.83 | 33.7 | 20.9 | 0.973 / 0.967 / 0.977 | 0.0% / 0.0% / 0.0% | 0.00 / 0.00 / 0.00 | 0.34 | 0.96 | 0.0 | 0.00 | 84% | 87% | 58% | 0.00 | 0.0 / 0.0 | 0 | 23% |
| 50% | on | saver | v3.7 free, far gate | 27.1 | 0.6 | 8.8% | 0.85 | 33.7 | 20.4 | 0.958 / 0.955 / 0.968 | 4.4% / 3.4% / 2.2% | 0.31 / 0.32 / 0.30 | 0.29 | 0.96 | 0.0 | 0.00 | 85% | 91% | 59% | 0.30 | 0.0 / 1.5 | 0 | 23% |
| 50% | on | saver | v3.7 save, far gate | 27.1 | 0.6 | 10.1% | 0.85 | 33.3 | 20.8 | 0.972 / 0.958 / 0.967 | 0.2% / 2.7% / 2.6% | 0.01 / 0.25 / 0.35 | 0.33 | 0.96 | 0.0 | 0.00 | 84% | 91% | 60% | 0.35 | 0.0 / 1.3 | 0 | 23% |
| 50% | on | saver | v3.7 save+tea, far gate | 27.1 | 0.6 | 10.3% | 0.82 | 32.9 | 20.8 | 0.972 / 0.958 / 0.967 | 0.2% / 2.7% / 2.9% | 0.01 / 0.25 / 0.38 | 0.33 | 0.95 | 0.0 | 0.00 | 85% | 93% | 60% | 0.38 | 2.2 / 2.7 | 1647 | 23% |
| 75% | off | saver | no spells | 11.5 | 0.0 | 0.0% | 1.00 | 24.3 | 15.1 | 0.996 / 0.994 / 0.999 | 0.0% / 0.0% / 0.0% | 0.00 / 0.00 / 0.00 | 0.03 | 0.94 | 0.0 | 0.00 | 65% | 83% | 20% | 0.00 | 0.0 / 0.0 | 0 | 52% |
| 75% | off | saver | v3.7 free | 11.5 | 2.5 | 0.0% | 1.00 | 24.1 | 14.7 | 0.974 / 0.978 / 0.979 | 6.4% / 4.4% / 4.7% | 0.32 / 0.31 / 0.47 | 0.01 | 0.94 | 0.0 | 0.00 | 59% | 85% | 21% | 0.47 | 0.0 / 6.3 | 0 | 51% |
| 75% | off | spender | no spells | 11.3 | 0.0 | 0.0% | 1.00 | 24.5 | 15.1 | 0.995 / 0.994 / 0.999 | 0.0% / 0.0% / 0.0% | 0.00 / 0.00 / 0.00 | 0.02 | 0.95 | 0.0 | 0.00 | 65% | 83% | 21% | 0.00 | 0.0 / 0.0 | 0 | 50% |
| 75% | off | spender | v3.7 free | 11.2 | 2.2 | 0.0% | 1.00 | 24.2 | 14.7 | 0.975 / 0.980 / 0.981 | 6.1% / 3.8% / 4.4% | 0.31 / 0.27 / 0.45 | 0.01 | 0.95 | 0.1 | 0.00 | 60% | 85% | 22% | 0.45 | 0.0 / 6.1 | 0 | 49% |

### B. Per realm, 75% saver
| realm | mode | battles | defeat % | boss 1st-try | boss q | normal q | q share normal / elite / boss | casts/b normal / boss | min/location | MP at battle start | spell castable at start | heals/b | full gear | gold start | min gold | free inns | spell spend | gear spend | proficient at end |
|---|---|---|---|---|---|---|---|---|---|---|---|---|---|---|---|---|---|---|---|
| 1 | no spells | 52.4 | 0.0% | 1.00 | 23.7 | 11.7 | 0.999 / 0.995 / 1.000 | 0.00 / 0.00 | 41.6 | 100% | 0% | 0.00 | 0.91 | 24 | 30 | 0.00 | 0 | 35 | 26% |
| 1 | v3.7 free | 52.4 | 0.0% | 1.00 | 23.7 | 11.7 | 0.999 / 0.995 / 1.000 | 0.00 / 0.00 | 41.6 | 100% | 0% | 0.00 | 0.91 | 24 | 30 | 0.00 | 0 | 35 | 26% |
| 1 | v3.7 save | 52.4 | 0.0% | 1.00 | 23.7 | 11.7 | 0.999 / 0.995 / 1.000 | 0.00 / 0.00 | 41.6 | 100% | 0% | 0.00 | 0.91 | 24 | 30 | 0.00 | 0 | 35 | 26% |
| 1 | v3.7 save+tea | 52.4 | 0.0% | 1.00 | 23.7 | 11.7 | 0.999 / 0.995 / 1.000 | 0.00 / 0.00 | 41.6 | 100% | 0% | 0.00 | 0.91 | 24 | 30 | 0.00 | 0 | 35 | 26% |
| 2 | no spells | 39.4 | 0.0% | 1.00 | 28.0 | 12.1 | 0.995 / 0.997 / 0.999 | 0.00 / 0.00 | 48.9 | 57% | 0% | 0.00 | 0.97 | 778 | 504 | 0.00 | 0 | 288 | 23% |
| 2 | v3.7 free | 39.8 | 0.0% | 1.00 | 27.5 | 11.9 | 0.991 / 0.995 / 0.991 | 0.05 / 0.24 | 48.6 | 55% | 10% | 0.00 | 0.97 | 778 | 504 | 0.00 | 727 | 288 | 23% |
| 2 | v3.7 save | 39.4 | 0.0% | 1.00 | 27.5 | 12.1 | 0.995 / 0.993 / 0.987 | 0.00 / 0.36 | 48.8 | 57% | 12% | 0.00 | 0.97 | 778 | 504 | 0.00 | 724 | 288 | 23% |
| 2 | v3.7 save+tea | 39.4 | 0.0% | 1.00 | 27.5 | 12.1 | 0.995 / 0.993 / 0.987 | 0.00 / 0.36 | 48.8 | 57% | 12% | 0.00 | 0.97 | 778 | 504 | 0.00 | 724 | 288 | 23% |
| 3 | no spells | 36.9 | 0.0% | 1.00 | 30.1 | 15.3 | 0.996 / 0.993 / 0.997 | 0.00 / 0.00 | 54.5 | 74% | 0% | 0.01 | 0.97 | 1646 | 1165 | 0.00 | 0 | 528 | 24% |
| 3 | v3.7 free | 39.5 | 0.0% | 1.00 | 29.4 | 14.1 | 0.964 / 0.972 / 0.976 | 0.47 / 0.64 | 54.4 | 62% | 56% | 0.00 | 0.97 | 924 | 443 | 0.00 | 234 | 528 | 24% |
| 3 | v3.7 save | 36.7 | 0.0% | 1.00 | 29.3 | 15.3 | 0.997 / 0.972 / 0.971 | 0.00 / 0.75 | 54.1 | 73% | 81% | 0.00 | 0.97 | 916 | 432 | 0.00 | 279 | 528 | 24% |
| 3 | v3.7 save+tea | 36.7 | 0.0% | 1.00 | 28.6 | 15.3 | 0.997 / 0.972 / 0.964 | 0.00 / 0.97 | 54.0 | 73% | 81% | 0.00 | 0.97 | 919 | 436 | 0.00 | 261 | 528 | 23% |
| 4 | no spells | 46.8 | 0.0% | 1.00 | 25.7 | 16.9 | 0.987 / 0.988 / 0.996 | 0.00 / 0.00 | 49.6 | 73% | 0% | 0.03 | 0.98 | 3003 | 2200 | 0.00 | 0 | 912 | 24% |
| 4 | v3.7 free | 49.3 | 0.0% | 1.00 | 23.7 | 15.6 | 0.933 / 0.944 / 0.943 | 0.96 / 1.36 | 49.2 | 58% | 58% | 0.00 | 0.98 | 2020 | 1206 | 0.00 | 2218 | 912 | 24% |
| 4 | v3.7 save | 46.9 | 0.0% | 1.00 | 23.5 | 16.7 | 0.989 / 0.936 / 0.931 | 0.00 / 1.62 | 49.1 | 72% | 91% | 0.01 | 0.98 | 1971 | 1169 | 0.00 | 2228 | 912 | 24% |
| 4 | v3.7 save+tea | 47.2 | 0.0% | 1.00 | 23.5 | 16.6 | 0.989 / 0.938 / 0.928 | 0.00 / 1.71 | 49.1 | 73% | 92% | 0.01 | 0.98 | 1960 | 1159 | 0.00 | 2200 | 912 | 24% |
| 5 | no spells | 31.0 | 0.0% | 1.00 | 28.5 | 16.7 | 0.988 / 0.988 / 0.994 | 0.00 / 0.00 | 49.5 | 77% | 0% | 0.04 | 0.97 | 6256 | 4848 | 0.00 | 0 | 1560 | 24% |
| 5 | v3.7 free | 31.6 | 0.0% | 1.00 | 28.5 | 16.5 | 0.933 / 0.960 / 0.949 | 1.03 / 1.31 | 50.3 | 66% | 70% | 0.01 | 0.97 | 2797 | 1374 | 0.00 | 194 | 1560 | 24% |
| 5 | v3.7 save | 31.1 | 0.0% | 1.00 | 28.0 | 16.9 | 0.989 / 0.945 / 0.945 | 0.00 / 1.41 | 49.9 | 77% | 96% | 0.02 | 0.97 | 2924 | 1510 | 0.00 | 1058 | 1560 | 25% |
| 5 | v3.7 save+tea | 30.6 | 0.0% | 1.00 | 28.1 | 17.1 | 0.988 / 0.946 / 0.943 | 0.00 / 1.48 | 49.8 | 77% | 96% | 0.02 | 0.97 | 2867 | 959 | 0.00 | 130 | 1560 | 24% |
| 6 | no spells | 31.6 | 0.0% | 1.00 | 26.6 | 19.2 | 0.987 / 0.983 / 0.997 | 0.00 / 0.00 | 57.6 | 78% | 0% | 0.08 | 0.97 | 8828 | 6920 | 0.00 | 0 | 2160 | 22% |
| 6 | v3.7 free | 34.9 | 0.0% | 1.00 | 25.0 | 16.9 | 0.927 / 0.946 / 0.960 | 1.16 / 0.94 | 57.2 | 62% | 63% | 0.00 | 0.97 | 4803 | 2781 | 0.00 | 3753 | 2160 | 22% |
| 6 | v3.7 save | 31.4 | 0.0% | 1.00 | 26.0 | 19.1 | 0.988 / 0.936 / 0.947 | 0.00 / 1.29 | 57.0 | 77% | 96% | 0.05 | 0.97 | 4391 | 2350 | 0.00 | 2835 | 2160 | 22% |
| 6 | v3.7 save+tea | 31.4 | 0.0% | 1.00 | 24.9 | 19.0 | 0.988 / 0.937 / 0.953 | 0.00 / 1.08 | 56.8 | 78% | 97% | 0.06 | 0.97 | 4377 | 2449 | 0.00 | 3213 | 2160 | 22% |
| 7 | no spells | 36.9 | 0.0% | 1.00 | 29.3 | 20.2 | 0.987 / 0.981 / 0.993 | 0.00 / 0.00 | 68.5 | 69% | 0% | 0.17 | 0.97 | 12605 | 10158 | 0.00 | 0 | 2760 | 22% |
| 7 | v3.7 free | 40.2 | 0.0% | 1.00 | 26.8 | 18.4 | 0.927 / 0.940 / 0.946 | 1.25 / 1.33 | 68.8 | 68% | 72% | 0.00 | 0.98 | 4614 | 2156 | 0.00 | 2484 | 2760 | 22% |
| 7 | v3.7 save | 37.0 | 0.0% | 1.00 | 26.0 | 20.1 | 0.988 / 0.944 / 0.939 | 0.00 / 1.50 | 67.8 | 69% | 96% | 0.18 | 0.97 | 5197 | 2673 | 0.00 | 3924 | 2760 | 22% |
| 7 | v3.7 save+tea | 37.0 | 0.0% | 1.00 | 27.2 | 20.1 | 0.988 / 0.944 / 0.937 | 0.00 / 1.53 | 68.2 | 69% | 96% | 0.18 | 0.97 | 4591 | 2052 | 0.00 | 1944 | 2760 | 22% |
| 8 | no spells | 34.8 | 0.1% | 1.00 | 28.0 | 20.1 | 0.988 / 0.985 / 0.993 | 0.00 / 0.00 | 63.4 | 64% | 0% | 0.18 | 0.97 | 17500 | 14483 | 0.00 | 0 | 3360 | 23% |
| 8 | v3.7 free | 40.2 | 0.0% | 1.00 | 25.2 | 17.1 | 0.926 / 0.935 / 0.925 | 1.17 / 1.89 | 63.6 | 64% | 65% | 0.00 | 0.98 | 6700 | 3239 | 0.00 | 3788 | 3360 | 23% |
| 8 | v3.7 save | 34.9 | 0.0% | 1.00 | 25.3 | 20.1 | 0.988 / 0.942 / 0.914 | 0.00 / 2.24 | 63.3 | 65% | 94% | 0.18 | 0.97 | 6032 | 2785 | 0.00 | 2310 | 3360 | 23% |
| 8 | v3.7 save+tea | 34.6 | 0.0% | 1.00 | 25.7 | 20.1 | 0.988 / 0.946 / 0.920 | 0.00 / 2.04 | 62.8 | 65% | 94% | 0.17 | 0.97 | 6581 | 3379 | 0.00 | 3188 | 3360 | 23% |
| 9 | no spells | 32.8 | 0.0% | 1.00 | 30.1 | 19.9 | 0.991 / 0.984 / 0.992 | 0.00 / 0.00 | 59.8 | 66% | 0% | 0.17 | 0.97 | 22726 | 19067 | 0.00 | 0 | 4080 | 23% |
| 9 | v3.7 free | 36.4 | 0.0% | 1.00 | 27.6 | 17.7 | 0.966 / 0.964 / 0.960 | 0.47 / 0.99 | 59.3 | 62% | 94% | 0.09 | 0.97 | 8287 | 815 | 0.00 | 9298 | 4080 | 23% |
| 9 | v3.7 save | 33.1 | 0.0% | 1.00 | 27.5 | 19.6 | 0.991 / 0.963 / 0.959 | 0.00 / 1.02 | 59.1 | 67% | 97% | 0.15 | 0.97 | 8819 | 851 | 0.00 | 9173 | 4080 | 23% |
| 9 | v3.7 save+tea | 33.1 | 0.0% | 1.00 | 27.5 | 19.8 | 0.991 / 0.960 / 0.958 | 0.00 / 1.05 | 59.5 | 67% | 97% | 0.16 | 0.97 | 7367 | 1006 | 0.00 | 7238 | 4080 | 23% |
### B. Per realm, 75% spender
| realm | mode | battles | defeat % | boss 1st-try | boss q | normal q | q share normal / elite / boss | casts/b normal / boss | min/location | MP at battle start | spell castable at start | heals/b | full gear | gold start | min gold | free inns | spell spend | gear spend | proficient at end |
|---|---|---|---|---|---|---|---|---|---|---|---|---|---|---|---|---|---|---|---|
| 1 | no spells | 33.0 | 0.0% | 1.00 | 23.3 | 11.7 | 0.999 / 0.995 / 1.000 | 0.00 / 0.00 | 29.8 | 100% | 0% | 0.00 | 0.95 | 24 | 14 | 0.01 | 0 | 35 | 14% |
| 1 | v3.7 free | 33.0 | 0.0% | 1.00 | 23.3 | 11.7 | 0.999 / 0.995 / 1.000 | 0.00 / 0.00 | 29.8 | 100% | 0% | 0.00 | 0.95 | 24 | 14 | 0.01 | 0 | 35 | 14% |
| 1 | v3.7 save | 33.0 | 0.0% | 1.00 | 23.3 | 11.7 | 0.999 / 0.995 / 1.000 | 0.00 / 0.00 | 29.8 | 100% | 0% | 0.00 | 0.95 | 24 | 14 | 0.01 | 0 | 35 | 14% |
| 1 | v3.7 save+tea | 33.0 | 0.0% | 1.00 | 23.3 | 11.7 | 0.999 / 0.995 / 1.000 | 0.00 / 0.00 | 29.8 | 100% | 0% | 0.00 | 0.95 | 24 | 14 | 0.01 | 0 | 35 | 14% |
| 2 | no spells | 22.0 | 0.0% | 1.00 | 27.9 | 12.3 | 0.992 / 0.995 / 0.998 | 0.00 / 0.00 | 33.0 | 60% | 0% | 0.01 | 0.95 | 593 | 325 | 0.00 | 0 | 288 | 10% |
| 2 | v3.7 free | 22.0 | 0.0% | 1.00 | 27.9 | 12.3 | 0.992 / 0.995 / 0.998 | 0.00 / 0.00 | 33.0 | 60% | 0% | 0.01 | 0.95 | 593 | 325 | 0.00 | 14 | 288 | 10% |
| 2 | v3.7 save | 22.0 | 0.0% | 1.00 | 27.9 | 12.3 | 0.992 / 0.995 / 0.998 | 0.00 / 0.00 | 33.0 | 60% | 0% | 0.01 | 0.95 | 593 | 325 | 0.00 | 14 | 288 | 10% |
| 2 | v3.7 save+tea | 22.0 | 0.0% | 1.00 | 27.9 | 12.3 | 0.992 / 0.995 / 0.998 | 0.00 / 0.00 | 33.0 | 60% | 0% | 0.01 | 0.95 | 593 | 325 | 0.00 | 14 | 288 | 10% |
| 3 | no spells | 22.0 | 0.0% | 1.00 | 30.3 | 15.4 | 0.995 / 0.992 / 0.997 | 0.00 / 0.00 | 37.2 | 74% | 0% | 0.01 | 0.95 | 1054 | 570 | 0.00 | 0 | 528 | 11% |
| 3 | v3.7 free | 22.0 | 0.0% | 1.00 | 30.1 | 15.4 | 0.995 / 0.992 / 0.997 | 0.01 / 0.02 | 37.2 | 74% | 1% | 0.01 | 0.95 | 1039 | 556 | 0.00 | 0 | 528 | 11% |
| 3 | v3.7 save | 22.0 | 0.0% | 1.00 | 30.3 | 15.5 | 0.995 / 0.992 / 0.997 | 0.00 / 0.01 | 37.3 | 74% | 2% | 0.01 | 0.95 | 1039 | 556 | 0.00 | 0 | 528 | 11% |
| 3 | v3.7 save+tea | 22.0 | 0.0% | 1.00 | 30.2 | 15.4 | 0.995 / 0.992 / 0.996 | 0.00 / 0.02 | 37.2 | 74% | 2% | 0.01 | 0.95 | 1039 | 556 | 0.00 | 0 | 528 | 11% |
| 4 | no spells | 33.0 | 0.1% | 1.00 | 25.9 | 16.8 | 0.987 / 0.991 / 0.996 | 0.00 / 0.00 | 37.7 | 74% | 0% | 0.03 | 0.97 | 1800 | 995 | 0.00 | 0 | 912 | 14% |
| 4 | v3.7 free | 33.0 | 0.1% | 1.00 | 25.8 | 16.8 | 0.985 / 0.989 / 0.991 | 0.03 / 0.11 | 37.6 | 74% | 3% | 0.03 | 0.97 | 1781 | 976 | 0.00 | 1867 | 912 | 14% |
| 4 | v3.7 save | 33.0 | 0.1% | 1.00 | 25.6 | 16.8 | 0.987 / 0.988 / 0.991 | 0.00 / 0.12 | 37.7 | 74% | 4% | 0.03 | 0.97 | 1785 | 979 | 0.00 | 1867 | 912 | 14% |
| 4 | v3.7 save+tea | 33.0 | 0.1% | 1.00 | 25.6 | 16.8 | 0.987 / 0.988 / 0.990 | 0.00 / 0.14 | 37.7 | 74% | 4% | 0.03 | 0.97 | 1786 | 980 | 0.00 | 1882 | 912 | 14% |
| 5 | no spells | 22.0 | 0.1% | 1.00 | 28.5 | 16.9 | 0.988 / 0.988 / 0.994 | 0.00 / 0.00 | 38.2 | 77% | 0% | 0.04 | 0.95 | 4250 | 2842 | 0.00 | 0 | 1560 | 15% |
| 5 | v3.7 free | 22.0 | 0.1% | 1.00 | 27.9 | 16.6 | 0.967 / 0.979 / 0.972 | 0.43 / 0.62 | 37.8 | 70% | 54% | 0.02 | 0.95 | 2353 | 930 | 0.00 | 259 | 1560 | 14% |
| 5 | v3.7 save | 22.0 | 0.1% | 1.00 | 28.2 | 16.9 | 0.989 / 0.970 / 0.971 | 0.00 / 0.66 | 38.1 | 77% | 76% | 0.03 | 0.95 | 2365 | 958 | 0.00 | 259 | 1560 | 14% |
| 5 | v3.7 save+tea | 22.0 | 0.1% | 1.00 | 28.3 | 16.9 | 0.989 / 0.970 / 0.971 | 0.00 / 0.65 | 38.2 | 77% | 76% | 0.03 | 0.95 | 2346 | 617 | 0.13 | 259 | 1560 | 14% |
| 6 | no spells | 22.0 | 0.1% | 1.00 | 25.9 | 19.2 | 0.986 / 0.988 / 0.997 | 0.00 / 0.00 | 43.4 | 78% | 0% | 0.09 | 0.95 | 5909 | 4010 | 0.00 | 0 | 2160 | 13% |
| 6 | v3.7 free | 22.0 | 0.1% | 1.00 | 25.3 | 17.2 | 0.937 / 0.956 / 0.962 | 0.95 / 0.91 | 40.7 | 65% | 59% | 0.01 | 0.95 | 3526 | 1606 | 0.00 | 432 | 2160 | 11% |
| 6 | v3.7 save | 22.0 | 0.1% | 1.00 | 25.3 | 19.2 | 0.988 / 0.950 / 0.958 | 0.00 / 1.01 | 43.4 | 78% | 86% | 0.07 | 0.95 | 3694 | 1792 | 0.00 | 486 | 2160 | 13% |
| 6 | v3.7 save+tea | 22.0 | 0.1% | 1.00 | 25.0 | 19.2 | 0.988 / 0.950 / 0.958 | 0.00 / 1.01 | 43.4 | 78% | 86% | 0.07 | 0.95 | 2880 | 1017 | 0.04 | 378 | 2160 | 13% |
| 7 | no spells | 22.0 | 0.1% | 1.00 | 29.2 | 20.2 | 0.988 / 0.985 / 0.994 | 0.00 / 0.00 | 45.3 | 71% | 0% | 0.19 | 0.95 | 8354 | 5887 | 0.00 | 0 | 2760 | 10% |
| 7 | v3.7 free | 22.0 | 0.0% | 1.00 | 28.0 | 18.7 | 0.951 / 0.960 / 0.968 | 0.76 / 0.70 | 43.1 | 70% | 67% | 0.02 | 0.95 | 5004 | 2538 | 0.00 | 0 | 2760 | 8% |
| 7 | v3.7 save | 22.0 | 0.2% | 1.00 | 27.7 | 20.1 | 0.988 / 0.962 / 0.966 | 0.00 / 0.83 | 44.9 | 71% | 87% | 0.18 | 0.95 | 5558 | 3113 | 0.00 | 252 | 2760 | 10% |
| 7 | v3.7 save+tea | 22.0 | 0.2% | 1.00 | 28.0 | 20.2 | 0.988 / 0.962 / 0.967 | 0.00 / 0.82 | 45.2 | 71% | 87% | 0.18 | 0.95 | 4677 | 2232 | 0.01 | 0 | 2760 | 10% |
| 8 | no spells | 22.1 | 0.5% | 1.00 | 27.7 | 20.1 | 0.988 / 0.988 / 0.995 | 0.00 / 0.00 | 43.9 | 65% | 0% | 0.18 | 0.95 | 10626 | 7622 | 0.00 | 0 | 3360 | 11% |
| 8 | v3.7 free | 22.0 | 0.1% | 1.00 | 27.6 | 18.9 | 0.943 / 0.957 / 0.962 | 0.91 / 0.95 | 42.4 | 66% | 71% | 0.05 | 0.95 | 6940 | 3914 | 0.00 | 0 | 3360 | 10% |
| 8 | v3.7 save | 22.0 | 0.2% | 1.00 | 27.6 | 20.1 | 0.989 / 0.962 / 0.956 | 0.00 / 1.13 | 43.8 | 67% | 89% | 0.18 | 0.95 | 7569 | 4562 | 0.00 | 416 | 3360 | 11% |
| 8 | v3.7 save+tea | 22.0 | 0.2% | 1.00 | 27.5 | 20.1 | 0.989 / 0.963 / 0.956 | 0.00 / 1.11 | 43.9 | 67% | 89% | 0.19 | 0.95 | 6029 | 3018 | 0.00 | 0 | 3360 | 11% |
| 9 | no spells | 22.1 | 0.3% | 1.00 | 30.1 | 20.0 | 0.990 / 0.985 / 0.995 | 0.00 / 0.00 | 43.5 | 68% | 0% | 0.17 | 0.95 | 13164 | 9462 | 0.00 | 0 | 4080 | 12% |
| 9 | v3.7 free | 22.0 | 0.2% | 0.99 | 29.1 | 18.9 | 0.974 / 0.969 / 0.978 | 0.32 / 0.48 | 41.7 | 65% | 80% | 0.14 | 0.95 | 9122 | 1138 | 0.22 | 8986 | 4080 | 11% |
| 9 | v3.7 save | 22.0 | 0.1% | 1.00 | 27.8 | 19.7 | 0.991 / 0.962 / 0.969 | 0.00 / 0.75 | 42.6 | 68% | 85% | 0.16 | 0.95 | 9687 | 821 | 0.17 | 8299 | 4080 | 12% |
| 9 | v3.7 save+tea | 22.0 | 0.2% | 0.99 | 29.7 | 19.8 | 0.991 / 0.974 / 0.977 | 0.00 / 0.54 | 43.2 | 69% | 88% | 0.18 | 0.95 | 7496 | 2938 | 0.07 | 4243 | 4080 | 12% |
### B. Per realm, 50% saver
| realm | mode | battles | defeat % | boss 1st-try | boss q | normal q | q share normal / elite / boss | casts/b normal / boss | min/location | MP at battle start | spell castable at start | heals/b | full gear | gold start | min gold | free inns | spell spend | gear spend | proficient at end |
|---|---|---|---|---|---|---|---|---|---|---|---|---|---|---|---|---|---|---|---|
| 1 | no spells | 65.9 | 0.1% | 1.00 | 31.2 | 15.2 | 0.990 / 0.979 / 0.997 | 0.00 / 0.00 | 62.0 | 100% | 0% | 0.00 | 0.90 | 24 | 28 | 0.00 | 0 | 35 | 25% |
| 1 | v3.7 free | 65.9 | 0.1% | 1.00 | 31.2 | 15.2 | 0.990 / 0.979 / 0.997 | 0.00 / 0.00 | 62.0 | 100% | 0% | 0.00 | 0.90 | 24 | 28 | 0.00 | 0 | 35 | 25% |
| 1 | v3.7 save | 65.9 | 0.1% | 1.00 | 31.2 | 15.2 | 0.990 / 0.979 / 0.997 | 0.00 / 0.00 | 62.0 | 100% | 0% | 0.00 | 0.90 | 24 | 28 | 0.00 | 0 | 35 | 25% |
| 1 | v3.7 save+tea | 65.9 | 0.1% | 1.00 | 31.2 | 15.2 | 0.990 / 0.979 / 0.997 | 0.00 / 0.00 | 62.0 | 100% | 0% | 0.00 | 0.90 | 24 | 28 | 0.00 | 0 | 35 | 25% |
| 2 | no spells | 50.0 | 0.7% | 1.00 | 37.0 | 15.4 | 0.989 / 0.976 / 0.980 | 0.00 / 0.00 | 72.3 | 76% | 0% | 0.00 | 0.97 | 760 | 447 | 0.00 | 0 | 288 | 23% |
| 2 | v3.7 free | 50.0 | 0.7% | 1.00 | 36.9 | 15.4 | 0.988 / 0.976 / 0.979 | 0.01 / 0.04 | 72.3 | 76% | 1% | 0.00 | 0.97 | 760 | 447 | 0.00 | 427 | 288 | 23% |
| 2 | v3.7 save | 49.9 | 0.7% | 1.00 | 36.9 | 15.4 | 0.989 / 0.976 / 0.979 | 0.00 / 0.04 | 72.2 | 76% | 1% | 0.00 | 0.97 | 760 | 447 | 0.00 | 427 | 288 | 23% |
| 2 | v3.7 save+tea | 49.9 | 0.7% | 1.00 | 36.9 | 15.4 | 0.989 / 0.976 / 0.979 | 0.00 / 0.04 | 72.2 | 76% | 1% | 0.00 | 0.97 | 760 | 447 | 0.00 | 427 | 288 | 23% |
| 3 | no spells | 43.6 | 1.1% | 0.98 | 41.4 | 20.4 | 0.978 / 0.963 / 0.971 | 0.00 / 0.00 | 80.5 | 89% | 0% | 0.24 | 0.97 | 1362 | 843 | 0.00 | 0 | 528 | 23% |
| 3 | v3.7 free | 48.0 | 0.6% | 0.97 | 39.6 | 18.2 | 0.956 / 0.944 / 0.955 | 0.53 / 0.54 | 79.9 | 88% | 54% | 0.08 | 0.98 | 937 | 427 | 0.00 | 0 | 528 | 23% |
| 3 | v3.7 save | 43.5 | 0.9% | 0.97 | 39.4 | 20.4 | 0.978 / 0.946 / 0.954 | 0.00 / 0.59 | 80.0 | 89% | 58% | 0.22 | 0.98 | 935 | 419 | 0.00 | 0 | 528 | 23% |
| 3 | v3.7 save+tea | 43.6 | 0.9% | 0.98 | 39.4 | 20.4 | 0.978 / 0.947 / 0.954 | 0.00 / 0.60 | 80.1 | 89% | 58% | 0.22 | 0.98 | 935 | 419 | 0.00 | 0 | 528 | 23% |
| 4 | no spells | 59.5 | 8.6% | 0.96 | 34.4 | 20.9 | 0.967 / 0.967 / 0.973 | 0.00 / 0.00 | 73.8 | 87% | 0% | 0.26 | 0.97 | 2074 | 1064 | 0.00 | 0 | 912 | 24% |
| 4 | v3.7 free | 63.1 | 5.5% | 0.95 | 32.0 | 19.6 | 0.917 / 0.921 / 0.938 | 1.05 / 1.17 | 74.3 | 87% | 53% | 0.10 | 0.97 | 1715 | 755 | 0.00 | 46 | 912 | 23% |
| 4 | v3.7 save | 60.0 | 9.3% | 0.94 | 31.3 | 20.9 | 0.967 / 0.926 / 0.937 | 0.00 / 1.22 | 73.9 | 87% | 59% | 0.22 | 0.96 | 1647 | 693 | 0.00 | 46 | 912 | 24% |
| 4 | v3.7 save+tea | 59.9 | 9.1% | 0.94 | 31.3 | 20.9 | 0.967 / 0.927 / 0.936 | 0.00 / 1.23 | 73.8 | 87% | 59% | 0.22 | 0.96 | 1648 | 698 | 0.00 | 46 | 912 | 24% |
| 5 | no spells | 39.8 | 12.5% | 0.93 | 37.7 | 20.9 | 0.968 / 0.968 / 0.972 | 0.00 / 0.00 | 74.4 | 87% | 0% | 0.31 | 0.96 | 3309 | 1636 | 0.00 | 0 | 1560 | 24% |
| 5 | v3.7 free | 39.9 | 10.5% | 0.92 | 37.1 | 20.6 | 0.956 / 0.959 / 0.965 | 0.23 / 0.28 | 73.8 | 87% | 60% | 0.25 | 0.96 | 2974 | 1333 | 0.00 | 0 | 1560 | 24% |
| 5 | v3.7 save | 40.2 | 11.8% | 0.92 | 36.7 | 20.8 | 0.967 / 0.959 / 0.966 | 0.00 / 0.28 | 74.8 | 88% | 61% | 0.30 | 0.96 | 2886 | 1297 | 0.00 | 0 | 1560 | 24% |
| 5 | v3.7 save+tea | 40.1 | 11.8% | 0.93 | 36.8 | 20.9 | 0.967 / 0.958 / 0.965 | 0.00 / 0.27 | 74.7 | 88% | 61% | 0.30 | 0.96 | 2897 | 1014 | 0.00 | 0 | 1560 | 24% |
| 6 | no spells | 40.1 | 13.9% | 0.95 | 34.7 | 23.9 | 0.968 / 0.966 / 0.975 | 0.00 / 0.00 | 85.2 | 88% | 0% | 0.50 | 0.97 | 3891 | 1857 | 0.00 | 0 | 2160 | 22% |
| 6 | v3.7 free | 40.4 | 13.7% | 0.94 | 33.8 | 23.7 | 0.965 / 0.959 / 0.969 | 0.09 / 0.20 | 85.0 | 89% | 61% | 0.48 | 0.97 | 3729 | 1699 | 0.00 | 0 | 2160 | 22% |
| 6 | v3.7 save | 40.1 | 13.7% | 0.96 | 34.9 | 23.8 | 0.967 / 0.963 / 0.968 | 0.01 / 0.20 | 85.0 | 89% | 61% | 0.50 | 0.97 | 3634 | 1621 | 0.00 | 0 | 2160 | 22% |
| 6 | v3.7 save+tea | 40.1 | 13.4% | 0.95 | 34.9 | 23.8 | 0.967 / 0.962 / 0.969 | 0.01 / 0.18 | 85.2 | 89% | 61% | 0.50 | 0.97 | 3359 | 1362 | 0.00 | 0 | 2160 | 22% |
| 7 | no spells | 48.3 | 21.0% | 0.83 | 35.9 | 24.9 | 0.967 / 0.965 / 0.976 | 0.00 / 0.00 | 104.4 | 83% | 0% | 0.64 | 0.97 | 4918 | 2089 | 0.00 | 0 | 2760 | 22% |
| 7 | v3.7 free | 48.3 | 17.6% | 0.84 | 35.4 | 25.0 | 0.953 / 0.951 / 0.962 | 0.31 / 0.45 | 105.1 | 86% | 61% | 0.58 | 0.97 | 4794 | 2064 | 0.00 | 0 | 2760 | 22% |
| 7 | v3.7 save | 47.8 | 20.0% | 0.85 | 35.5 | 25.0 | 0.967 / 0.952 / 0.966 | 0.00 / 0.36 | 103.8 | 83% | 60% | 0.63 | 0.97 | 4748 | 1971 | 0.00 | 0 | 2760 | 22% |
| 7 | v3.7 save+tea | 47.7 | 19.7% | 0.85 | 35.7 | 24.9 | 0.967 / 0.951 / 0.965 | 0.00 / 0.38 | 103.3 | 83% | 60% | 0.62 | 0.97 | 4480 | 1745 | 0.00 | 0 | 2760 | 22% |
| 8 | no spells | 44.7 | 16.5% | 0.91 | 35.9 | 25.0 | 0.966 / 0.964 / 0.973 | 0.00 / 0.00 | 96.3 | 81% | 0% | 0.65 | 0.97 | 4738 | 1480 | 0.00 | 0 | 3360 | 23% |
| 8 | v3.7 free | 44.2 | 15.7% | 0.89 | 36.0 | 25.1 | 0.953 / 0.954 / 0.961 | 0.30 / 0.42 | 96.1 | 83% | 61% | 0.63 | 0.96 | 4785 | 1539 | 0.00 | 0 | 3360 | 23% |
| 8 | v3.7 save | 43.8 | 15.6% | 0.89 | 35.8 | 25.2 | 0.962 / 0.954 / 0.961 | 0.10 / 0.41 | 95.1 | 82% | 61% | 0.66 | 0.96 | 4689 | 1489 | 0.00 | 0 | 3360 | 23% |
| 8 | v3.7 save+tea | 44.3 | 16.8% | 0.87 | 35.5 | 25.1 | 0.962 / 0.955 / 0.963 | 0.10 / 0.37 | 96.1 | 82% | 61% | 0.66 | 0.96 | 4352 | 1229 | 0.00 | 0 | 3360 | 23% |
| 9 | no spells | 41.4 | 16.5% | 0.87 | 38.7 | 25.2 | 0.967 / 0.964 / 0.974 | 0.00 / 0.00 | 90.6 | 84% | 0% | 0.69 | 0.96 | 5586 | 1668 | 0.00 | 0 | 4080 | 23% |
| 9 | v3.7 free | 41.7 | 18.0% | 0.84 | 37.3 | 25.2 | 0.959 / 0.956 / 0.971 | 0.20 / 0.25 | 91.4 | 85% | 61% | 0.71 | 0.96 | 5488 | 1629 | 0.00 | 0 | 4080 | 23% |
| 9 | v3.7 save | 41.6 | 16.4% | 0.84 | 37.6 | 25.2 | 0.967 / 0.956 / 0.970 | 0.00 / 0.23 | 91.0 | 84% | 62% | 0.69 | 0.96 | 5554 | 1668 | 0.00 | 0 | 4080 | 23% |
| 9 | v3.7 save+tea | 41.8 | 16.6% | 0.83 | 37.5 | 25.2 | 0.966 / 0.956 / 0.970 | 0.00 / 0.24 | 91.6 | 84% | 62% | 0.69 | 0.94 | 5002 | 1299 | 0.00 | 0 | 4080 | 23% |
### B. Per realm, 90% saver
| realm | mode | battles | defeat % | boss 1st-try | boss q | normal q | q share normal / elite / boss | casts/b normal / boss | min/location | MP at battle start | spell castable at start | heals/b | full gear | gold start | min gold | free inns | spell spend | gear spend | proficient at end |
|---|---|---|---|---|---|---|---|---|---|---|---|---|---|---|---|---|---|---|---|
| 1 | no spells | 50.1 | 0.0% | 1.00 | 18.9 | 9.8 | 1.000 / 1.000 / 1.000 | 0.00 / 0.00 | 34.8 | 100% | 0% | 0.00 | 0.92 | 24 | 33 | 0.00 | 0 | 35 | 26% |
| 1 | v3.7 free | 50.1 | 0.0% | 1.00 | 18.9 | 9.8 | 1.000 / 1.000 / 1.000 | 0.00 / 0.00 | 34.8 | 100% | 0% | 0.00 | 0.92 | 24 | 33 | 0.00 | 0 | 35 | 26% |
| 1 | v3.7 save | 50.1 | 0.0% | 1.00 | 18.9 | 9.8 | 1.000 / 1.000 / 1.000 | 0.00 / 0.00 | 34.8 | 100% | 0% | 0.00 | 0.92 | 24 | 33 | 0.00 | 0 | 35 | 26% |
| 1 | v3.7 save+tea | 50.1 | 0.0% | 1.00 | 18.9 | 9.8 | 1.000 / 1.000 / 1.000 | 0.00 / 0.00 | 34.8 | 100% | 0% | 0.00 | 0.92 | 24 | 33 | 0.00 | 0 | 35 | 26% |
| 2 | no spells | 36.2 | 0.0% | 1.00 | 22.0 | 10.5 | 0.998 / 1.000 / 1.000 | 0.00 / 0.00 | 40.9 | 46% | 0% | 0.01 | 0.97 | 807 | 538 | 0.00 | 0 | 288 | 24% |
| 2 | v3.7 free | 36.5 | 0.0% | 1.00 | 21.7 | 10.4 | 0.994 / 0.998 / 0.992 | 0.04 / 0.17 | 40.7 | 43% | 10% | 0.01 | 0.97 | 807 | 537 | 0.00 | 742 | 288 | 23% |
| 2 | v3.7 save | 36.1 | 0.0% | 1.00 | 21.8 | 10.5 | 0.998 / 0.995 / 0.985 | 0.00 / 0.33 | 40.8 | 46% | 13% | 0.01 | 0.97 | 807 | 537 | 0.00 | 756 | 288 | 23% |
| 2 | v3.7 save+tea | 36.1 | 0.0% | 1.00 | 21.8 | 10.5 | 0.998 / 0.995 / 0.985 | 0.00 / 0.33 | 40.8 | 46% | 13% | 0.01 | 0.97 | 807 | 537 | 0.00 | 760 | 288 | 23% |
| 3 | no spells | 34.1 | 0.0% | 1.00 | 23.8 | 13.2 | 0.999 / 0.999 / 1.000 | 0.00 / 0.00 | 44.9 | 61% | 0% | 0.00 | 0.97 | 1766 | 1284 | 0.00 | 0 | 528 | 24% |
| 3 | v3.7 free | 35.9 | 0.0% | 1.00 | 22.8 | 12.4 | 0.981 / 0.985 / 0.983 | 0.22 / 0.39 | 44.9 | 48% | 43% | 0.00 | 0.97 | 1028 | 543 | 0.00 | 1089 | 528 | 23% |
| 3 | v3.7 save | 34.7 | 0.0% | 1.00 | 22.8 | 13.0 | 0.999 / 0.982 / 0.968 | 0.00 / 0.75 | 45.0 | 58% | 58% | 0.00 | 0.97 | 1001 | 518 | 0.00 | 1035 | 528 | 23% |
| 3 | v3.7 save+tea | 34.6 | 0.0% | 1.00 | 22.5 | 13.0 | 0.999 / 0.981 / 0.959 | 0.00 / 0.96 | 44.9 | 58% | 58% | 0.00 | 0.97 | 1003 | 521 | 0.00 | 819 | 528 | 23% |
| 4 | no spells | 44.2 | 0.0% | 1.00 | 20.5 | 14.2 | 0.999 / 1.000 / 1.000 | 0.00 / 0.00 | 40.9 | 61% | 0% | 0.00 | 0.98 | 3300 | 2492 | 0.00 | 0 | 912 | 24% |
| 4 | v3.7 free | 45.5 | 0.0% | 1.00 | 19.2 | 13.6 | 0.964 / 0.968 / 0.953 | 0.48 / 0.94 | 40.8 | 35% | 34% | 0.00 | 0.98 | 1492 | 681 | 0.00 | 2337 | 912 | 24% |
| 4 | v3.7 save | 44.1 | 0.0% | 1.00 | 18.7 | 14.2 | 0.998 / 0.956 / 0.929 | 0.00 / 1.43 | 40.7 | 56% | 70% | 0.00 | 0.98 | 1512 | 704 | 0.00 | 2355 | 912 | 24% |
| 4 | v3.7 save+tea | 44.4 | 0.0% | 1.00 | 18.7 | 14.2 | 0.998 / 0.958 / 0.922 | 0.00 / 1.58 | 40.9 | 57% | 70% | 0.00 | 0.98 | 1665 | 861 | 0.00 | 2353 | 912 | 24% |
| 5 | no spells | 29.1 | 0.0% | 1.00 | 22.1 | 14.3 | 0.999 / 0.999 / 1.000 | 0.00 / 0.00 | 40.9 | 62% | 0% | 0.01 | 0.97 | 6859 | 5469 | 0.00 | 0 | 1560 | 24% |
| 5 | v3.7 free | 29.3 | 0.0% | 1.00 | 22.1 | 14.2 | 0.961 / 0.969 / 0.951 | 0.55 / 1.13 | 41.4 | 38% | 42% | 0.00 | 0.97 | 2625 | 1219 | 0.00 | 540 | 1560 | 24% |
| 5 | v3.7 save | 29.4 | 0.0% | 1.00 | 22.2 | 14.2 | 0.999 / 0.950 / 0.932 | 0.00 / 1.61 | 41.2 | 60% | 78% | 0.00 | 0.97 | 2630 | 1229 | 0.00 | 670 | 1560 | 24% |
| 5 | v3.7 save+tea | 29.2 | 0.0% | 1.00 | 22.3 | 14.3 | 0.999 / 0.956 / 0.932 | 0.00 / 1.60 | 41.1 | 60% | 80% | 0.00 | 0.97 | 2651 | 779 | 0.00 | 238 | 1560 | 24% |
| 6 | no spells | 29.4 | 0.0% | 1.00 | 21.0 | 16.3 | 0.999 / 0.999 / 1.000 | 0.00 / 0.00 | 47.4 | 64% | 0% | 0.00 | 0.97 | 9715 | 7833 | 0.00 | 0 | 2160 | 22% |
| 6 | v3.7 free | 30.4 | 0.0% | 1.00 | 21.6 | 15.8 | 0.960 / 0.966 / 0.954 | 0.63 / 1.03 | 48.2 | 38% | 41% | 0.00 | 0.97 | 4748 | 2728 | 0.00 | 3402 | 2160 | 22% |
| 6 | v3.7 save | 29.5 | 0.0% | 1.00 | 20.9 | 16.2 | 0.999 / 0.953 / 0.943 | 0.00 / 1.25 | 47.6 | 62% | 81% | 0.00 | 0.97 | 4734 | 2708 | 0.00 | 3375 | 2160 | 22% |
| 6 | v3.7 save+tea | 29.6 | 0.0% | 1.00 | 20.7 | 16.3 | 0.999 / 0.953 / 0.944 | 0.00 / 1.23 | 47.7 | 63% | 83% | 0.00 | 0.97 | 4113 | 2199 | 0.00 | 3024 | 2160 | 22% |
| 7 | no spells | 36.0 | 0.0% | 1.00 | 22.8 | 16.5 | 0.999 / 0.998 / 1.000 | 0.00 / 0.00 | 56.5 | 51% | 0% | 0.00 | 0.97 | 13749 | 11325 | 0.00 | 0 | 2760 | 22% |
| 7 | v3.7 free | 37.5 | 0.0% | 1.00 | 21.6 | 15.9 | 0.961 / 0.966 / 0.948 | 0.62 / 1.17 | 56.9 | 38% | 43% | 0.00 | 0.97 | 5148 | 2651 | 0.00 | 5040 | 2760 | 22% |
| 7 | v3.7 save | 36.0 | 0.0% | 1.00 | 20.9 | 16.5 | 0.999 / 0.957 / 0.931 | 0.00 / 1.53 | 56.2 | 51% | 79% | 0.01 | 0.97 | 5311 | 2801 | 0.00 | 5112 | 2760 | 22% |
| 7 | v3.7 save+tea | 36.0 | 0.0% | 1.00 | 21.8 | 16.6 | 0.999 / 0.962 / 0.927 | 0.00 / 1.69 | 56.4 | 51% | 80% | 0.01 | 0.97 | 4530 | 2017 | 0.00 | 2844 | 2760 | 22% |
| 8 | no spells | 34.1 | 0.0% | 1.00 | 21.7 | 16.4 | 0.999 / 0.999 / 1.000 | 0.00 / 0.00 | 52.4 | 45% | 0% | 0.01 | 0.97 | 19440 | 16465 | 0.00 | 0 | 3360 | 23% |
| 8 | v3.7 free | 35.1 | 0.0% | 1.00 | 21.1 | 15.7 | 0.961 / 0.965 / 0.937 | 0.61 / 1.42 | 52.2 | 39% | 42% | 0.00 | 0.97 | 5619 | 2535 | 0.00 | 2495 | 3360 | 23% |
| 8 | v3.7 save | 33.6 | 0.0% | 1.00 | 21.1 | 16.6 | 0.999 / 0.970 / 0.923 | 0.00 / 1.77 | 52.2 | 46% | 72% | 0.01 | 0.97 | 5739 | 2667 | 0.00 | 3003 | 3360 | 23% |
| 8 | v3.7 save+tea | 33.7 | 0.0% | 1.00 | 20.9 | 16.5 | 0.999 / 0.971 / 0.910 | 0.00 / 2.05 | 52.1 | 46% | 72% | 0.01 | 0.97 | 6127 | 3038 | 0.00 | 3280 | 3360 | 23% |
| 9 | no spells | 31.8 | 0.0% | 1.00 | 23.2 | 16.4 | 0.999 / 0.997 / 0.999 | 0.00 / 0.00 | 49.2 | 46% | 0% | 0.00 | 0.97 | 25530 | 21892 | 0.00 | 0 | 4080 | 23% |
| 9 | v3.7 free | 33.1 | 0.0% | 1.00 | 22.2 | 15.5 | 0.983 / 0.984 / 0.970 | 0.25 / 0.69 | 48.6 | 42% | 71% | 0.00 | 0.97 | 9036 | 810 | 0.00 | 9590 | 4080 | 23% |
| 9 | v3.7 save | 31.9 | 0.0% | 1.00 | 22.3 | 16.3 | 0.999 / 0.985 / 0.962 | 0.00 / 0.89 | 48.9 | 46% | 80% | 0.00 | 0.97 | 8656 | 844 | 0.00 | 9528 | 4080 | 23% |
| 9 | v3.7 save+tea | 31.6 | 0.0% | 1.00 | 21.8 | 16.4 | 0.999 / 0.985 / 0.951 | 0.00 / 1.11 | 48.6 | 47% | 80% | 0.00 | 0.97 | 7391 | 967 | 0.00 | 8050 | 4080 | 23% |
### B. Per realm, 65% saver
| realm | mode | battles | defeat % | boss 1st-try | boss q | normal q | q share normal / elite / boss | casts/b normal / boss | min/location | MP at battle start | spell castable at start | heals/b | full gear | gold start | min gold | free inns | spell spend | gear spend | proficient at end |
|---|---|---|---|---|---|---|---|---|---|---|---|---|---|---|---|---|---|---|---|
| 1 | no spells | 56.3 | 0.0% | 1.00 | 26.4 | 13.0 | 0.996 / 0.991 / 1.000 | 0.00 / 0.00 | 47.9 | 100% | 0% | 0.00 | 0.92 | 24 | 29 | 0.00 | 0 | 35 | 25% |
| 1 | v3.7 free | 56.3 | 0.0% | 1.00 | 26.4 | 13.0 | 0.996 / 0.991 / 1.000 | 0.00 / 0.00 | 47.9 | 100% | 0% | 0.00 | 0.92 | 24 | 29 | 0.00 | 0 | 35 | 25% |
| 1 | v3.7 save | 56.3 | 0.0% | 1.00 | 26.4 | 13.0 | 0.996 / 0.991 / 1.000 | 0.00 / 0.00 | 47.9 | 100% | 0% | 0.00 | 0.92 | 24 | 29 | 0.00 | 0 | 35 | 25% |
| 1 | v3.7 save+tea | 56.3 | 0.0% | 1.00 | 26.4 | 13.0 | 0.996 / 0.991 / 1.000 | 0.00 / 0.00 | 47.9 | 100% | 0% | 0.00 | 0.92 | 24 | 29 | 0.00 | 0 | 35 | 25% |
| 2 | no spells | 42.0 | 0.0% | 1.00 | 30.9 | 13.6 | 0.993 / 0.991 / 0.995 | 0.00 / 0.00 | 56.4 | 66% | 0% | 0.00 | 0.98 | 779 | 502 | 0.00 | 0 | 288 | 23% |
| 2 | v3.7 free | 42.8 | 0.0% | 1.00 | 30.2 | 13.3 | 0.990 / 0.988 / 0.988 | 0.05 / 0.23 | 56.2 | 64% | 8% | 0.00 | 0.98 | 779 | 502 | 0.00 | 715 | 288 | 23% |
| 2 | v3.7 save | 42.1 | 0.0% | 1.00 | 29.9 | 13.6 | 0.993 / 0.987 / 0.984 | 0.00 / 0.34 | 56.3 | 66% | 10% | 0.00 | 0.98 | 779 | 502 | 0.00 | 715 | 288 | 23% |
| 2 | v3.7 save+tea | 42.1 | 0.0% | 1.00 | 29.9 | 13.6 | 0.993 / 0.987 / 0.984 | 0.00 / 0.34 | 56.3 | 66% | 10% | 0.00 | 0.98 | 779 | 502 | 0.00 | 715 | 288 | 23% |
| 3 | no spells | 38.7 | 0.0% | 1.00 | 35.0 | 17.3 | 0.990 / 0.982 / 0.989 | 0.00 / 0.00 | 62.9 | 81% | 0% | 0.04 | 0.97 | 1565 | 1082 | 0.00 | 0 | 528 | 24% |
| 3 | v3.7 free | 42.5 | 0.0% | 1.00 | 33.3 | 15.4 | 0.954 / 0.956 / 0.964 | 0.62 / 0.77 | 62.2 | 72% | 66% | 0.00 | 0.98 | 859 | 376 | 0.00 | 27 | 528 | 23% |
| 3 | v3.7 save | 38.7 | 0.0% | 1.00 | 32.9 | 17.0 | 0.991 / 0.959 / 0.962 | 0.00 / 0.83 | 61.9 | 81% | 92% | 0.02 | 0.97 | 847 | 363 | 0.00 | 18 | 528 | 23% |
| 3 | v3.7 save+tea | 38.6 | 0.0% | 1.00 | 32.8 | 17.0 | 0.991 / 0.959 / 0.956 | 0.00 / 0.99 | 61.8 | 81% | 92% | 0.02 | 0.97 | 849 | 366 | 0.00 | 18 | 528 | 23% |
| 4 | no spells | 49.3 | 0.7% | 1.00 | 29.7 | 18.8 | 0.976 / 0.976 / 0.988 | 0.00 / 0.00 | 57.1 | 79% | 0% | 0.08 | 0.98 | 2787 | 1963 | 0.00 | 0 | 912 | 24% |
| 4 | v3.7 free | 54.1 | 0.2% | 1.00 | 27.5 | 17.0 | 0.910 / 0.921 / 0.933 | 1.32 / 1.58 | 57.5 | 72% | 71% | 0.00 | 0.98 | 1989 | 1159 | 0.00 | 2081 | 912 | 24% |
| 4 | v3.7 save | 49.8 | 0.4% | 1.00 | 26.2 | 18.5 | 0.977 / 0.924 / 0.930 | 0.00 / 1.64 | 56.4 | 79% | 97% | 0.03 | 0.98 | 2022 | 1205 | 0.00 | 2234 | 912 | 24% |
| 4 | v3.7 save+tea | 50.3 | 0.5% | 1.00 | 26.4 | 18.5 | 0.977 / 0.922 / 0.929 | 0.00 / 1.71 | 56.9 | 79% | 97% | 0.03 | 0.98 | 2001 | 1180 | 0.00 | 2234 | 912 | 24% |
| 5 | no spells | 33.0 | 0.9% | 1.00 | 32.6 | 18.6 | 0.977 / 0.977 / 0.985 | 0.00 / 0.00 | 57.1 | 81% | 0% | 0.09 | 0.97 | 5536 | 4076 | 0.00 | 0 | 1560 | 24% |
| 5 | v3.7 free | 33.9 | 0.2% | 1.00 | 32.8 | 18.1 | 0.920 / 0.948 / 0.945 | 1.17 / 1.25 | 58.0 | 79% | 84% | 0.02 | 0.97 | 2432 | 984 | 0.00 | 259 | 1560 | 24% |
| 5 | v3.7 save | 33.0 | 0.7% | 1.00 | 32.5 | 18.7 | 0.978 / 0.944 / 0.944 | 0.00 / 1.32 | 57.4 | 82% | 99% | 0.06 | 0.97 | 2582 | 1154 | 0.00 | 108 | 1560 | 24% |
| 5 | v3.7 save+tea | 32.9 | 0.9% | 0.99 | 32.5 | 18.7 | 0.978 / 0.943 / 0.943 | 0.00 / 1.34 | 57.1 | 81% | 99% | 0.06 | 0.97 | 2500 | 574 | 0.00 | 0 | 1560 | 24% |
| 6 | no spells | 33.1 | 1.6% | 1.00 | 29.7 | 21.3 | 0.977 / 0.970 / 0.987 | 0.00 / 0.00 | 65.4 | 82% | 0% | 0.22 | 0.97 | 7675 | 5717 | 0.00 | 0 | 2160 | 22% |
| 6 | v3.7 free | 39.6 | 0.2% | 1.00 | 28.3 | 17.6 | 0.907 / 0.928 / 0.950 | 1.42 / 1.08 | 66.1 | 74% | 75% | 0.02 | 0.97 | 4004 | 2041 | 0.00 | 2673 | 2160 | 22% |
| 6 | v3.7 save | 33.4 | 1.2% | 1.00 | 27.9 | 21.2 | 0.978 / 0.930 / 0.951 | 0.00 / 1.08 | 65.3 | 83% | 99% | 0.18 | 0.97 | 4596 | 2637 | 0.00 | 2943 | 2160 | 22% |
| 6 | v3.7 save+tea | 33.6 | 1.5% | 1.00 | 27.4 | 21.1 | 0.977 / 0.933 / 0.948 | 0.00 / 1.20 | 65.5 | 82% | 98% | 0.18 | 0.97 | 3823 | 1914 | 0.00 | 1242 | 2160 | 22% |
| 7 | no spells | 38.8 | 1.8% | 1.00 | 32.9 | 22.8 | 0.975 / 0.967 / 0.985 | 0.00 / 0.00 | 79.2 | 75% | 0% | 0.38 | 0.97 | 10537 | 7946 | 0.00 | 0 | 2760 | 22% |
| 7 | v3.7 free | 44.1 | 0.2% | 1.00 | 31.0 | 19.7 | 0.911 / 0.924 / 0.942 | 1.51 / 1.34 | 79.5 | 83% | 86% | 0.03 | 0.98 | 4609 | 2010 | 0.00 | 1800 | 2760 | 22% |
| 7 | v3.7 save | 38.9 | 1.4% | 1.00 | 31.0 | 22.6 | 0.975 / 0.936 / 0.939 | 0.00 / 1.41 | 78.6 | 74% | 97% | 0.36 | 0.97 | 4680 | 2083 | 0.00 | 1404 | 2760 | 22% |
| 7 | v3.7 save+tea | 39.0 | 1.6% | 1.00 | 31.0 | 22.6 | 0.975 / 0.939 / 0.944 | 0.00 / 1.30 | 78.8 | 74% | 97% | 0.35 | 0.97 | 5478 | 2884 | 0.00 | 2484 | 2760 | 22% |
| 8 | no spells | 36.3 | 1.3% | 1.00 | 31.7 | 22.6 | 0.976 / 0.973 / 0.984 | 0.00 / 0.00 | 72.9 | 70% | 0% | 0.38 | 0.97 | 13847 | 10691 | 0.00 | 0 | 3360 | 23% |
| 8 | v3.7 free | 44.7 | 0.5% | 1.00 | 28.7 | 18.2 | 0.904 / 0.911 / 0.918 | 1.55 / 1.99 | 74.1 | 79% | 79% | 0.01 | 0.98 | 6466 | 3353 | 0.00 | 2680 | 3360 | 23% |
| 8 | v3.7 save | 37.0 | 1.1% | 0.99 | 28.7 | 22.5 | 0.977 / 0.931 / 0.916 | 0.00 / 2.04 | 73.5 | 72% | 97% | 0.34 | 0.97 | 6955 | 3799 | 0.00 | 3049 | 3360 | 23% |
| 8 | v3.7 save+tea | 36.4 | 1.0% | 1.00 | 29.1 | 22.4 | 0.977 / 0.934 / 0.921 | 0.00 / 1.93 | 72.2 | 71% | 96% | 0.35 | 0.97 | 5804 | 2775 | 0.00 | 1063 | 3360 | 23% |
| 9 | no spells | 34.3 | 1.1% | 1.00 | 34.7 | 22.4 | 0.979 / 0.970 / 0.983 | 0.00 / 0.00 | 68.9 | 75% | 0% | 0.37 | 0.97 | 17620 | 13764 | 0.00 | 0 | 4080 | 23% |
| 9 | v3.7 free | 38.7 | 0.5% | 1.00 | 31.2 | 19.6 | 0.952 / 0.951 / 0.956 | 0.60 / 0.98 | 68.6 | 72% | 98% | 0.26 | 0.97 | 8117 | 880 | 0.00 | 8549 | 4080 | 23% |
| 9 | v3.7 save | 34.7 | 0.8% | 1.00 | 31.3 | 22.2 | 0.980 / 0.945 / 0.953 | 0.00 / 1.03 | 68.7 | 75% | 99% | 0.36 | 0.97 | 7925 | 1151 | 0.00 | 6490 | 4080 | 23% |
| 9 | v3.7 save+tea | 34.5 | 1.1% | 1.00 | 31.7 | 22.2 | 0.979 / 0.949 / 0.955 | 0.00 / 1.02 | 68.4 | 75% | 99% | 0.36 | 0.97 | 7859 | 1366 | 0.00 | 7238 | 4080 | 23% |

### C. Spell price in effort (75% saver, v3.7 save)
| spell | town | price | = normal kills at that town | that town's quests pay | kills if all quests done | normal fights | minutes at realm pace |
|---|---|---|---|---|---|---|---|
| 小火球术 Small Fireball | 2 | 720 | 60 | 324 | 33 | 31 | 77 |
| 泡泡术 Bubble Spell | 2 | 540 | 45 | 324 | 18 | 23 | 58 |
| 雪球术 Snowball Volley | 3 | 1080 | 60 | 504 | 32 | 25 | 73 |
| 小闪电术 Little Lightning | 3 | 1350 | 75 | 504 | 47 | 31 | 91 |
| 火球术 Fireball | 4 | 1890 | 70 | 756 | 42 | 24 | 76 |
| 旋风术 Whirlwind | 4 | 2295 | 85 | 756 | 57 | 29 | 92 |
| 雪花术 Snowflake Dance | 5 | 3240 | 90 | 1026 | 62 | 30 | 97 |
| 闪电术 Lightning Bolt | 5 | 2700 | 75 | 1026 | 46 | 25 | 81 |
| 阳光术 Sunbeam | 6 | 3600 | 80 | 1296 | 51 | 23 | 84 |
| 大火球术 Big Fireball | 6 | 4050 | 90 | 1296 | 61 | 26 | 95 |
| 暴风雪术 Blizzard | 7 | 5400 | 100 | 1566 | 71 | 29 | 108 |
| 龙卷风术 Tornado | 7 | 4590 | 85 | 1566 | 56 | 25 | 92 |
| 流星术 Meteor | 8 | 5670 | 90 | 1836 | 61 | 26 | 96 |
| 雷雨术 Thunderstorm | 8 | 6930 | 110 | 1836 | 81 | 32 | 117 |
| 超暴风雪术 Super Blizzard | 9 | 9360 | 130 | 2106 | 101 | 38 | 135 |
| 流星雨术 Meteor Shower | 9 | 8640 | 120 | 2106 | 91 | 35 | 125 |

(D tables: median over runs; hours of play; first affordable = gold minus inn reserve >= price; % of runs that buy it)
### D. Spell timeline, 75% saver
| spell | town | sold from (h) | first affordable (realm, h) | bought by % of runs | bought (realm, h, battle #) |
|---|---|---|---|---|---|
| 小火球术 Small Fireball | 2 | 2.1 | 2, 2.3 | 100% | 2, 3.4, 85 |
| 泡泡术 Bubble Spell | 2 | 2.1 | 2, 2.3 | 1% | 2, 3.8, 100 |
| 雪球术 Snowball Volley | 3 | 3.7 | 3, 4.6 | 0% | - |
| 小闪电术 Little Lightning | 3 | 3.7 | 3, 5.0 | 21% | 3, 5.6, 132 |
| 火球术 Fireball | 4 | 5.5 | 4, 5.7 | 1% | 4, 7.9, 180 |
| 旋风术 Whirlwind | 4 | 5.5 | 4, 6.4 | 96% | 4, 7.3, 162 |
| 雪花术 Snowflake Dance | 5 | 8.0 | 5, 8.9 | 33% | 5, 9.6, 206 |
| 闪电术 Lightning Bolt | 5 | 8.0 | 5, 8.2 | 0% | - |
| 阳光术 Sunbeam | 6 | 9.6 | 6, 10.0 | 0% | - |
| 大火球术 Big Fireball | 6 | 9.6 | 6, 10.0 | 70% | 6, 11.2, 231 |
| 暴风雪术 Blizzard | 7 | 11.5 | 7, 12.5 | 73% | 7, 13.5, 270 |
| 龙卷风术 Tornado | 7 | 11.5 | 7, 11.9 | 0% | - |
| 流星术 Meteor | 8 | 13.8 | 8, 14.7 | 0% | - |
| 雷雨术 Thunderstorm | 8 | 13.8 | 8, 15.2 | 33% | 8, 15.7, 306 |
| 超暴风雪术 Super Blizzard | 9 | 15.9 | 9, 16.5 | 98% | 9, 17.1, 328 |
| 流星雨术 Meteor Shower | 9 | 15.9 | 9, 16.3 | 0% | - |
### D. Spell timeline, 75% spender
| spell | town | sold from (h) | first affordable (realm, h) | bought by % of runs | bought (realm, h, battle #) |
|---|---|---|---|---|---|
| 小火球术 Small Fireball | 2 | 1.5 | 2, 2.4 | 2% | 2, 2.8, 55 |
| 泡泡术 Bubble Spell | 2 | 1.5 | 2, 1.7 | 0% | - |
| 雪球术 Snowball Volley | 3 | 2.6 | 3, 3.0 | 0% | - |
| 小闪电术 Little Lightning | 3 | 2.6 | 3, 3.6 | 0% | - |
| 火球术 Fireball | 4 | 3.8 | 4, 4.6 | 0% | - |
| 旋风术 Whirlwind | 4 | 3.8 | 4, 4.9 | 81% | 4, 5.7, 110 |
| 雪花术 Snowflake Dance | 5 | 5.7 | 5, 7.0 | 8% | 5, 7.0, 132 |
| 闪电术 Lightning Bolt | 5 | 5.7 | 5, 6.8 | 0% | - |
| 阳光术 Sunbeam | 6 | 7.0 | 6, 7.4 | 0% | - |
| 大火球术 Big Fireball | 6 | 7.0 | 6, 8.2 | 12% | 6, 8.4, 154 |
| 暴风雪术 Blizzard | 7 | 8.4 | 7, 8.7 | 5% | 7, 10.1, 176 |
| 龙卷风术 Tornado | 7 | 8.4 | 7, 8.7 | 0% | - |
| 流星术 Meteor | 8 | 10.0 | 8, 10.2 | 0% | - |
| 雷雨术 Thunderstorm | 8 | 10.0 | 8, 10.2 | 6% | 8, 11.3, 198 |
| 超暴风雪术 Super Blizzard | 9 | 11.4 | 9, 11.6 | 89% | 9, 12.2, 209 |
| 流星雨术 Meteor Shower | 9 | 11.4 | 9, 11.6 | 0% | - |
### D. Spell timeline, 90% saver
| spell | town | sold from (h) | first affordable (realm, h) | bought by % of runs | bought (realm, h, battle #) |
|---|---|---|---|---|---|
| 小火球术 Small Fireball | 2 | 1.7 | 2, 2.0 | 100% | 2, 2.8, 76 |
| 泡泡术 Bubble Spell | 2 | 1.7 | 2, 1.9 | 7% | 2, 3.1, 88 |
| 雪球术 Snowball Volley | 3 | 3.1 | 3, 3.7 | 0% | - |
| 小闪电术 Little Lightning | 3 | 3.1 | 3, 4.0 | 77% | 3, 4.6, 121 |
| 火球术 Fireball | 4 | 4.6 | 4, 5.6 | 4% | 4, 6.6, 168 |
| 旋风术 Whirlwind | 4 | 4.6 | 4, 5.7 | 99% | 4, 6.4, 159 |
| 雪花术 Snowflake Dance | 5 | 6.6 | 5, 7.6 | 21% | 5, 8.0, 192 |
| 闪电术 Lightning Bolt | 5 | 6.6 | 5, 7.4 | 0% | - |
| 阳光术 Sunbeam | 6 | 8.0 | 6, 8.3 | 0% | - |
| 大火球术 Big Fireball | 6 | 8.0 | 6, 8.3 | 83% | 6, 9.3, 217 |
| 暴风雪术 Blizzard | 7 | 9.6 | 7, 10.4 | 95% | 7, 11.2, 255 |
| 龙卷风术 Tornado | 7 | 9.6 | 7, 9.8 | 0% | - |
| 流星术 Meteor | 8 | 11.5 | 8, 12.2 | 0% | - |
| 雷雨术 Thunderstorm | 8 | 11.5 | 8, 12.6 | 43% | 8, 13.2, 293 |
| 超暴风雪术 Super Blizzard | 9 | 13.2 | 9, 13.6 | 99% | 9, 14.0, 309 |
| 流星雨术 Meteor Shower | 9 | 13.2 | 9, 13.6 | 3% | 9, 14.8, 332 |
### D. Spell timeline, 65% saver
| spell | town | sold from (h) | first affordable (realm, h) | bought by % of runs | bought (realm, h, battle #) |
|---|---|---|---|---|---|
| 小火球术 Small Fireball | 2 | 2.4 | 2, 2.7 | 99% | 2, 4.1, 93 |
| 泡泡术 Bubble Spell | 2 | 2.4 | 2, 2.6 | 0% | - |
| 雪球术 Snowball Volley | 3 | 4.3 | 3, 5.5 | 0% | - |
| 小闪电术 Little Lightning | 3 | 4.3 | 3, 5.8 | 1% | 3, 6.3, 138 |
| 火球术 Fireball | 4 | 6.3 | 4, 6.6 | 0% | - |
| 旋风术 Whirlwind | 4 | 6.3 | 4, 7.6 | 97% | 4, 8.7, 177 |
| 雪花术 Snowflake Dance | 5 | 9.2 | 5, 10.7 | 3% | 5, 10.9, 219 |
| 闪电术 Lightning Bolt | 5 | 9.2 | 5, 10.3 | 0% | - |
| 阳光术 Sunbeam | 6 | 11.1 | 6, 11.3 | 0% | - |
| 大火球术 Big Fireball | 6 | 11.1 | 6, 11.3 | 73% | 6, 13.1, 249 |
| 暴风雪术 Blizzard | 7 | 13.2 | 7, 15.0 | 26% | 7, 15.6, 288 |
| 龙卷风术 Tornado | 7 | 13.2 | 7, 14.7 | 0% | - |
| 流星术 Meteor | 8 | 15.8 | 8, 16.1 | 0% | - |
| 雷雨术 Thunderstorm | 8 | 15.8 | 8, 16.3 | 44% | 8, 18.2, 327 |
| 超暴风雪术 Super Blizzard | 9 | 18.3 | 9, 19.0 | 69% | 9, 19.8, 350 |
| 流星雨术 Meteor Shower | 9 | 18.3 | 9, 19.0 | 0% | - |
### D. Spell timeline, 50% saver
| spell | town | sold from (h) | first affordable (realm, h) | bought by % of runs | bought (realm, h, battle #) |
|---|---|---|---|---|---|
| 小火球术 Small Fireball | 2 | 3.1 | 2, 3.6 | 59% | 2, 5.5, 116 |
| 泡泡术 Bubble Spell | 2 | 3.1 | 2, 3.3 | 0% | - |
| 雪球术 Snowball Volley | 3 | 5.5 | 3, 7.5 | 0% | - |
| 小闪电术 Little Lightning | 3 | 5.5 | 3, 8.1 | 0% | - |
| 火球术 Fireball | 4 | 8.1 | 4, 10.3 | 0% | - |
| 旋风术 Whirlwind | 4 | 8.1 | 4, 10.9 | 2% | 4, 12.1, 219 |
| 雪花术 Snowflake Dance | 5 | 11.9 | 5, 14.4 | 0% | - |
| 闪电术 Lightning Bolt | 5 | 11.9 | 5, 12.6 | 0% | - |
| 阳光术 Sunbeam | 6 | 14.4 | 6, 16.3 | 0% | - |
| 大火球术 Big Fireball | 6 | 14.4 | 6, 17.1 | 0% | - |
| 暴风雪术 Blizzard | 7 | 17.2 | 8, 23.5 | 0% | - |
| 龙卷风术 Tornado | 7 | 17.2 | 7, 19.4 | 0% | - |
| 流星术 Meteor | 8 | 20.6 | 8, 23.8 | 0% | - |
| 雷雨术 Thunderstorm | 8 | 20.6 | 9, 25.3 | 0% | - |
| 超暴风雪术 Super Blizzard | 9 | 23.8 | - | 0% | - |
| 流星雨术 Meteor Shower | 9 | 23.8 | 9, 23.6 | 0% | - |

### E. Gold and MP timeline (75% saver, speech on; median gold at realm end, mean MP at battle / boss start)
| realm | no spells: gold at end | free: gold at end | save: gold at end | save+tea: gold at end | save: spells owned | free / save / save+tea: MP at battle start | free / save / save+tea: MP at boss start | save+tea: teas bought / drunk, tea gold | save: spell spend | save: gear spend |
|---|---|---|---|---|---|---|---|---|---|---|
| 1 | 741 | 741 | 741 | 741 | 0.0 | 100% / 100% / 100% | 100% / 100% / 100% | 0.00 / 0.00, 0 | 0 | 35 |
| 2 | 1574 | 851 | 847 | 849 | 1.0 | 55% / 57% / 57% | 72% / 77% / 77% | 0.00 / 0.57, 0 | 724 | 288 |
| 3 | 2911 | 2075 | 2040 | 2011 | 1.2 | 62% / 73% / 73% | 89% / 90% / 98% | 0.33 / 1.25, 36 | 279 | 528 |
| 4 | 6071 | 2671 | 2846 | 2770 | 2.2 | 58% / 72% / 73% | 89% / 96% / 100% | 0.61 / 1.75, 98 | 2228 | 912 |
| 5 | 8593 | 4769 | 4542 | 4259 | 2.5 | 66% / 77% / 77% | 89% / 96% / 97% | 1.63 / 0.63, 878 | 1058 | 1560 |
| 6 | 12342 | 4282 | 4791 | 4037 | 3.2 | 62% / 77% / 78% | 92% / 96% / 98% | 0.33 / 0.74, 225 | 2835 | 2160 |
| 7 | 17217 | 7323 | 5234 | 6650 | 3.9 | 68% / 69% / 69% | 92% / 99% / 100% | 1.12 / 1.12, 907 | 3924 | 2760 |
| 8 | 22389 | 7886 | 9021 | 6847 | 4.3 | 64% / 65% / 65% | 92% / 99% / 100% | 1.19 / 1.19, 1121 | 2310 | 3360 |
| 9 | 27393 | 4537 | 5068 | 3431 | 5.3 | 62% / 67% / 67% | 95% / 98% / 100% | 0.98 / 1.08, 1058 | 9173 | 4080 |

### F. Boss fights by realm (75% and 50% saver): first-try win / questions per boss battle / casts per boss battle / HP lost
| realm | acc | no spells | free | save | save+tea | length target (q) |
|---|---|---|---|---|---|---|
| 1 | 75% | 1.00 / 23.7 / 0.00 / 17% | 1.00 / 23.7 / 0.00 / 17% | 1.00 / 23.7 / 0.00 / 17% | 1.00 / 23.7 / 0.00 / 17% | ~15 (location) / ~20 (realm) correct answers even with full-MP spells (v3.7) |
| 1 | 50% | 1.00 / 31.2 / 0.00 / 40% | 1.00 / 31.2 / 0.00 / 40% | 1.00 / 31.2 / 0.00 / 40% | 1.00 / 31.2 / 0.00 / 40% | ~15 (location) / ~20 (realm) correct answers even with full-MP spells (v3.7) |
| 2 | 75% | 1.00 / 28.0 / 0.00 / 26% | 1.00 / 27.5 / 0.24 / 26% | 1.00 / 27.5 / 0.36 / 27% | 1.00 / 27.5 / 0.36 / 27% | ~15 (location) / ~20 (realm) correct answers even with full-MP spells (v3.7) |
| 2 | 50% | 1.00 / 37.0 / 0.00 / 46% | 1.00 / 36.9 / 0.04 / 45% | 1.00 / 36.9 / 0.04 / 46% | 1.00 / 36.9 / 0.04 / 45% | ~15 (location) / ~20 (realm) correct answers even with full-MP spells (v3.7) |
| 3 | 75% | 1.00 / 30.1 / 0.00 / 31% | 1.00 / 29.4 / 0.64 / 32% | 1.00 / 29.3 / 0.75 / 33% | 1.00 / 28.6 / 0.97 / 34% | ~15 (location) / ~20 (realm) correct answers even with full-MP spells (v3.7) |
| 3 | 50% | 0.98 / 41.4 / 0.00 / 53% | 0.97 / 39.6 / 0.54 / 53% | 0.97 / 39.4 / 0.59 / 53% | 0.98 / 39.4 / 0.60 / 53% | ~15 (location) / ~20 (realm) correct answers even with full-MP spells (v3.7) |
| 4 | 75% | 1.00 / 25.7 / 0.00 / 28% | 1.00 / 23.7 / 1.36 / 28% | 1.00 / 23.5 / 1.62 / 31% | 1.00 / 23.5 / 1.71 / 30% | ~15 (location) / ~20 (realm) correct answers even with full-MP spells (v3.7) |
| 4 | 50% | 0.96 / 34.4 / 0.00 / 54% | 0.95 / 32.0 / 1.17 / 58% | 0.94 / 31.3 / 1.22 / 60% | 0.94 / 31.3 / 1.23 / 59% | ~15 (location) / ~20 (realm) correct answers even with full-MP spells (v3.7) |
| 5 | 75% | 1.00 / 28.5 / 0.00 / 33% | 1.00 / 28.5 / 1.31 / 34% | 1.00 / 28.0 / 1.41 / 32% | 1.00 / 28.1 / 1.48 / 32% | ~15 (location) / ~20 (realm) correct answers even with full-MP spells (v3.7) |
| 5 | 50% | 0.93 / 37.7 / 0.00 / 59% | 0.92 / 37.1 / 0.28 / 60% | 0.92 / 36.7 / 0.28 / 62% | 0.93 / 36.8 / 0.27 / 61% | ~15 (location) / ~20 (realm) correct answers even with full-MP spells (v3.7) |
| 6 | 75% | 1.00 / 26.6 / 0.00 / 31% | 1.00 / 25.0 / 0.94 / 30% | 1.00 / 26.0 / 1.29 / 32% | 1.00 / 24.9 / 1.08 / 31% | ~15 (location) / ~20 (realm) correct answers even with full-MP spells (v3.7) |
| 6 | 50% | 0.95 / 34.7 / 0.00 / 56% | 0.94 / 33.8 / 0.20 / 57% | 0.96 / 34.9 / 0.20 / 55% | 0.95 / 34.9 / 0.18 / 56% | ~15 (location) / ~20 (realm) correct answers even with full-MP spells (v3.7) |
| 7 | 75% | 1.00 / 29.3 / 0.00 / 32% | 1.00 / 26.8 / 1.33 / 34% | 1.00 / 26.0 / 1.50 / 32% | 1.00 / 27.2 / 1.53 / 32% | ~15 (location) / ~20 (realm) correct answers even with full-MP spells (v3.7) |
| 7 | 50% | 0.83 / 35.9 / 0.00 / 68% | 0.84 / 35.4 / 0.45 / 70% | 0.85 / 35.5 / 0.36 / 70% | 0.85 / 35.7 / 0.38 / 69% | ~15 (location) / ~20 (realm) correct answers even with full-MP spells (v3.7) |
| 8 | 75% | 1.00 / 28.0 / 0.00 / 32% | 1.00 / 25.2 / 1.89 / 34% | 1.00 / 25.3 / 2.24 / 33% | 1.00 / 25.7 / 2.04 / 33% | ~15 (location) / ~20 (realm) correct answers even with full-MP spells (v3.7) |
| 8 | 50% | 0.91 / 35.9 / 0.00 / 61% | 0.89 / 36.0 / 0.42 / 63% | 0.89 / 35.8 / 0.41 / 63% | 0.87 / 35.5 / 0.37 / 63% | ~15 (location) / ~20 (realm) correct answers even with full-MP spells (v3.7) |
| 9 | 75% | 1.00 / 30.1 / 0.00 / 34% | 1.00 / 27.6 / 0.99 / 32% | 1.00 / 27.5 / 1.02 / 34% | 1.00 / 27.5 / 1.05 / 32% | ~15 (location) / ~20 (realm) correct answers even with full-MP spells (v3.7) |
| 9 | 50% | 0.87 / 38.7 / 0.00 / 66% | 0.84 / 37.3 / 0.25 / 72% | 0.84 / 37.6 / 0.23 / 70% | 0.83 / 37.5 / 0.24 / 70% | ~15 (location) / ~20 (realm) correct answers even with full-MP spells (v3.7) |

### G. Question share, cast share, hours and defeats, v3.7 vs v3.6 (by kid profile, speech on)
v3.6 = archived v3.6 run (build/v3/archive_v3_6, same code, seeds and styles; location bosses at ~20 correct answers). Min by tier = lowest per-realm share over realms 2-9; FLAG = below 0.85.
| kid | style | v3.6 q share n / e / b | v3.7 q share n / e / b | v3.7 min by tier n / e / b | v3.6 hero turns cast n / b | v3.7 hero turns cast n / e / b | v3.7 casts per battle n / e / b | v3.6 / v3.7 h | v3.6 / v3.7 defeat % | v3.6 / v3.7 boss q | flag |
|---|---|---|---|---|---|---|---|---|---|---|---|
| 50% saver | no spells | 0.973 / 0.968 / 0.975 | 0.972 / 0.968 / 0.977 | 0.966 / 0.963 / 0.971 | 0.0% / 0.0% | 0.0% / 0.0% / 0.0% | 0.00 / 0.00 / 0.00 | 27.1 / 26.9 | 9.7% / 9.4% | 40.1 / 36.0 | - |
| 50% saver | free | 0.958 / 0.956 / 0.966 | 0.957 / 0.954 / 0.966 | 0.917 / 0.921 / 0.938 | 4.4% / 2.2% | 4.6% / 3.6% / 2.8% | 0.32 / 0.33 / 0.40 | 27.2 / 26.9 | 8.6% / 8.3% | 39.2 / 35.2 | - |
| 50% saver | save | 0.972 / 0.958 / 0.966 | 0.972 / 0.957 / 0.965 | 0.962 / 0.926 / 0.937 | 0.2% / 2.3% | 0.2% / 2.9% / 2.8% | 0.01 / 0.27 / 0.40 | 27.1 / 26.9 | 9.5% / 9.2% | 39.2 / 35.1 | - |
| 50% saver | save+tea | 0.972 / 0.958 / 0.966 | 0.972 / 0.956 / 0.966 | 0.962 / 0.927 / 0.936 | 0.2% / 2.3% | 0.2% / 3.0% / 2.8% | 0.01 / 0.28 / 0.40 | 27.1 / 26.9 | 9.5% / 9.3% | 39.2 / 35.1 | - |
| 50% spender | no spells | 0.990 / 0.993 / 0.996 | 0.990 / 0.993 / 0.996 | 0.988 / 0.982 / 0.987 | 0.0% / 0.0% | 0.0% / 0.0% / 0.0% | 0.00 / 0.00 / 0.00 | 18.6 / 18.3 | 22.6% / 22.0% | 34.6 / 32.1 | - |
| 50% spender | free | 0.990 / 0.993 / 0.996 | 0.990 / 0.993 / 0.996 | 0.988 / 0.982 / 0.987 | 0.0% / 0.0% | 0.0% / 0.0% / 0.0% | 0.00 / 0.00 / 0.00 | 18.6 / 18.3 | 22.6% / 22.0% | 34.6 / 32.1 | - |
| 50% spender | save | 0.990 / 0.993 / 0.996 | 0.990 / 0.993 / 0.996 | 0.988 / 0.982 / 0.987 | 0.0% / 0.0% | 0.0% / 0.0% / 0.0% | 0.00 / 0.00 / 0.00 | 18.6 / 18.3 | 22.6% / 22.0% | 34.6 / 32.1 | - |
| 50% spender | save+tea | 0.990 / 0.993 / 0.996 | 0.990 / 0.993 / 0.996 | 0.988 / 0.982 / 0.987 | 0.0% / 0.0% | 0.0% / 0.0% / 0.0% | 0.00 / 0.00 / 0.00 | 18.6 / 18.3 | 22.6% / 22.0% | 34.6 / 32.1 | - |
| 65% saver | no spells | 0.981 / 0.977 / 0.988 | 0.981 / 0.977 / 0.989 | 0.975 / 0.967 / 0.983 | 0.0% / 0.0% | 0.0% / 0.0% / 0.0% | 0.00 / 0.00 / 0.00 | 20.9 / 20.7 | 0.7% / 0.8% | 35.5 / 31.2 | - |
| 65% saver | free | 0.935 / 0.944 / 0.957 | 0.934 / 0.943 / 0.955 | 0.904 / 0.911 / 0.918 | 15.1% / 6.8% | 15.2% / 9.7% / 8.0% | 0.89 / 0.80 / 1.00 | 20.9 / 20.8 | 0.2% / 0.2% | 34.0 / 29.7 | - |
| 65% saver | save | 0.982 / 0.948 / 0.957 | 0.982 / 0.949 / 0.953 | 0.975 / 0.924 / 0.916 | 0.0% / 7.0% | 0.0% / 7.5% / 8.4% | 0.00 / 0.62 / 1.05 | 20.8 / 20.6 | 0.7% / 0.6% | 33.9 / 29.3 | - |
| 65% saver | save+tea | 0.982 / 0.949 / 0.957 | 0.982 / 0.950 / 0.954 | 0.975 / 0.922 / 0.921 | 0.0% / 7.1% | 0.0% / 7.3% / 8.5% | 0.00 / 0.61 / 1.07 | 20.8 / 20.6 | 0.6% / 0.7% | 34.0 / 29.4 | - |
| 65% spender | no spells | 0.988 / 0.990 / 0.995 | 0.988 / 0.989 / 0.996 | 0.984 / 0.983 / 0.989 | 0.0% / 0.0% | 0.0% / 0.0% / 0.0% | 0.00 / 0.00 / 0.00 | 14.5 / 14.3 | 3.5% / 3.4% | 34.9 / 30.9 | - |
| 65% spender | free | 0.984 / 0.986 / 0.992 | 0.983 / 0.984 / 0.991 | 0.971 / 0.974 / 0.980 | 1.2% / 0.6% | 1.5% / 1.2% / 1.0% | 0.10 / 0.10 / 0.13 | 14.4 / 14.1 | 3.1% / 3.1% | 34.7 / 30.6 | - |
| 65% spender | save | 0.988 / 0.986 / 0.992 | 0.988 / 0.986 / 0.991 | 0.984 / 0.978 / 0.980 | 0.0% / 0.7% | 0.0% / 1.1% / 1.0% | 0.00 / 0.09 / 0.13 | 14.5 / 14.3 | 3.3% / 3.4% | 34.8 / 30.6 | - |
| 65% spender | save+tea | 0.988 / 0.987 / 0.992 | 0.988 / 0.986 / 0.991 | 0.984 / 0.979 / 0.980 | 0.0% / 0.7% | 0.0% / 1.0% / 1.0% | 0.00 / 0.09 / 0.13 | 14.5 / 14.3 | 3.4% / 3.5% | 34.8 / 30.6 | - |
| 75% saver | no spells | 0.991 / 0.988 / 0.996 | 0.991 / 0.988 / 0.996 | 0.987 / 0.981 / 0.992 | 0.0% / 0.0% | 0.0% / 0.0% / 0.0% | 0.00 / 0.00 / 0.00 | 18.1 / 18.0 | 0.0% / 0.0% | 31.1 / 27.5 | - |
| 75% saver | free | 0.949 / 0.958 / 0.965 | 0.949 / 0.959 / 0.962 | 0.926 / 0.935 / 0.925 | 13.1% / 7.1% | 13.0% / 8.2% / 8.4% | 0.70 / 0.61 / 0.94 | 18.2 / 17.9 | 0.0% / 0.0% | 30.0 / 26.1 | - |
| 75% saver | save | 0.991 / 0.957 / 0.960 | 0.991 / 0.958 / 0.955 | 0.988 / 0.936 / 0.914 | 0.0% / 8.5% | 0.0% / 8.1% / 9.9% | 0.00 / 0.61 / 1.10 | 18.1 / 17.9 | 0.0% / 0.0% | 29.6 / 26.0 | - |
| 75% saver | save+tea | 0.991 / 0.960 / 0.960 | 0.991 / 0.958 / 0.955 | 0.988 / 0.937 / 0.920 | 0.0% / 8.4% | 0.0% / 8.0% / 9.9% | 0.00 / 0.60 / 1.11 | 18.0 / 17.9 | 0.0% / 0.0% | 29.8 / 26.0 | - |
| 75% saver | free+tea | 0.949 / 0.959 / 0.962 | 0.949 / 0.958 / 0.958 | 0.926 / 0.933 / 0.920 | 12.9% / 7.9% | 12.9% / 8.3% / 9.2% | 0.69 / 0.63 / 1.04 | 18.2 / 18.0 | 0.0% / 0.0% | 29.7 / 26.2 | - |
| 75% spender | no spells | 0.990 / 0.988 / 0.996 | 0.990 / 0.989 / 0.996 | 0.986 / 0.985 / 0.994 | 0.0% / 0.0% | 0.0% / 0.0% / 0.0% | 0.00 / 0.00 / 0.00 | 13.1 / 12.9 | 0.1% / 0.1% | 30.8 / 27.3 | - |
| 75% spender | free | 0.971 / 0.975 / 0.982 | 0.970 / 0.975 / 0.982 | 0.937 / 0.956 / 0.962 | 6.1% / 3.1% | 6.2% / 3.7% / 3.4% | 0.34 / 0.28 / 0.38 | 12.8 / 12.6 | 0.1% / 0.1% | 30.4 / 27.0 | - |
| 75% spender | save | 0.991 / 0.974 / 0.981 | 0.990 / 0.974 / 0.980 | 0.987 / 0.950 / 0.956 | 0.0% / 3.5% | 0.0% / 3.8% / 4.0% | 0.00 / 0.29 / 0.46 | 13.0 / 12.8 | 0.1% / 0.1% | 30.3 / 26.8 | - |
| 75% spender | save+tea | 0.990 / 0.975 / 0.982 | 0.990 / 0.975 / 0.980 | 0.987 / 0.950 / 0.956 | 0.0% / 3.3% | 0.0% / 3.4% / 3.8% | 0.00 / 0.26 / 0.44 | 13.0 / 12.8 | 0.1% / 0.1% | 30.5 / 27.0 | - |
| 75% spender | free+tea | 0.971 / 0.976 / 0.981 | 0.971 / 0.976 / 0.980 | 0.937 / 0.955 / 0.954 | 6.0% / 3.3% | 6.1% / 3.5% / 3.9% | 0.34 / 0.27 / 0.44 | 12.8 / 12.6 | 0.1% / 0.1% | 30.6 / 26.9 | - |
| 90% saver | no spells | 0.999 / 0.999 / 1.000 | 0.999 / 0.999 / 1.000 | 0.998 / 0.997 / 0.999 | 0.0% / 0.0% | 0.0% / 0.0% / 0.0% | 0.00 / 0.00 / 0.00 | 15.0 / 14.9 | 0.0% / 0.0% | 24.3 / 21.6 | - |
| 90% saver | free | 0.972 / 0.979 / 0.969 | 0.973 / 0.977 / 0.966 | 0.960 / 0.965 / 0.937 | 7.8% / 7.5% | 7.8% / 5.9% / 8.4% | 0.36 / 0.37 / 0.74 | 15.1 / 14.9 | 0.0% / 0.0% | 23.7 / 21.0 | - |
| 90% saver | save | 0.999 / 0.973 / 0.958 | 0.999 / 0.971 / 0.953 | 0.998 / 0.950 / 0.923 | 0.0% / 10.2% | 0.0% / 7.5% / 11.6% | 0.00 / 0.47 / 1.03 | 15.0 / 14.8 | 0.0% / 0.0% | 23.5 / 20.8 | - |
| 90% saver | save+tea | 0.999 / 0.972 / 0.953 | 0.999 / 0.973 / 0.948 | 0.998 / 0.953 / 0.910 | 0.0% / 11.4% | 0.0% / 7.0% / 12.9% | 0.00 / 0.44 / 1.14 | 15.0 / 14.8 | 0.0% / 0.0% | 23.5 / 20.8 | - |
| 90% saver | free+tea | 0.972 / 0.979 / 0.957 | 0.972 / 0.979 / 0.953 | 0.959 / 0.968 / 0.913 | 7.9% / 10.2% | 7.8% / 5.5% / 11.5% | 0.36 / 0.35 / 1.02 | 15.1 / 14.9 | 0.0% / 0.0% | 23.7 / 21.0 | - |
| 90% spender | no spells | 0.999 / 0.999 / 1.000 | 0.999 / 0.999 / 1.000 | 0.997 / 0.997 / 0.999 | 0.0% / 0.0% | 0.0% / 0.0% / 0.0% | 0.00 / 0.00 / 0.00 | 11.3 / 11.2 | 0.0% / 0.0% | 24.3 / 21.6 | - |
| 90% spender | free | 0.981 / 0.985 / 0.982 | 0.981 / 0.984 / 0.981 | 0.961 / 0.965 / 0.955 | 5.3% / 4.2% | 5.3% / 4.0% / 4.6% | 0.25 / 0.25 / 0.41 | 11.2 / 11.1 | 0.0% / 0.0% | 23.9 / 21.3 | - |
| 90% spender | save | 0.999 / 0.981 / 0.972 | 0.999 / 0.982 / 0.968 | 0.997 / 0.958 / 0.915 | 0.0% / 6.7% | 0.0% / 4.4% / 7.8% | 0.00 / 0.28 / 0.69 | 11.3 / 11.2 | 0.0% / 0.0% | 23.8 / 21.2 | - |
| 90% spender | save+tea | 0.999 / 0.984 / 0.974 | 0.999 / 0.984 / 0.972 | 0.997 / 0.959 / 0.941 | 0.0% / 6.2% | 0.0% / 4.0% / 6.9% | 0.00 / 0.26 / 0.62 | 11.3 / 11.2 | 0.0% / 0.0% | 23.9 / 21.4 | - |
| 90% spender | free+tea | 0.983 / 0.987 / 0.976 | 0.983 / 0.986 / 0.973 | 0.962 / 0.972 / 0.942 | 4.7% / 5.8% | 4.6% / 3.3% / 6.5% | 0.22 / 0.21 / 0.58 | 11.3 / 11.2 | 0.0% / 0.0% | 24.1 / 21.5 | - |

Flags (per-realm question share below 0.85): none

### H. Does saving MP pay off? (realms 2-9 bosses; speech on)
| acc | kid | style | boss 1st-try | boss q | boss HP lost | MP at boss start | casts per boss battle | normal q | defeat % | tea gold per run | playthrough h |
|---|---|---|---|---|---|---|---|---|---|---|---|
| 50% | saver | no spells | 0.928 | 36.8 | 58% | 98% | 0.00 | 20.9 | 9.4% | 0 | 26.9 |
| 50% | saver | v3.7 free | 0.920 | 35.8 | 61% | 98% | 0.46 | 20.4 | 8.3% | 0 | 26.9 |
| 50% | saver | v3.7 save | 0.920 | 35.7 | 61% | 99% | 0.46 | 20.9 | 9.2% | 0 | 26.9 |
| 50% | saver | v3.7 save+tea | 0.917 | 35.7 | 61% | 99% | 0.46 | 20.9 | 9.3% | 1675 | 26.9 |
| 50% | spender | no spells | 0.643 | 32.2 | 78% | 98% | 0.00 | 20.8 | 22.0% | 0 | 18.3 |
| 50% | spender | v3.7 free | 0.643 | 32.2 | 78% | 98% | 0.00 | 20.8 | 22.0% | 0 | 18.3 |
| 50% | spender | v3.7 save | 0.643 | 32.2 | 78% | 98% | 0.00 | 20.8 | 22.0% | 0 | 18.3 |
| 50% | spender | v3.7 save+tea | 0.643 | 32.2 | 78% | 98% | 0.00 | 20.8 | 22.0% | 0 | 18.3 |
| 65% | saver | no spells | 1.000 | 32.0 | 41% | 96% | 0.00 | 18.5 | 0.8% | 0 | 20.7 |
| 65% | saver | v3.7 free | 1.000 | 30.2 | 42% | 94% | 1.18 | 16.7 | 0.2% | 0 | 20.8 |
| 65% | saver | v3.7 save | 0.999 | 29.8 | 43% | 97% | 1.24 | 18.4 | 0.6% | 0 | 20.6 |
| 65% | saver | v3.7 save+tea | 0.999 | 29.9 | 42% | 98% | 1.25 | 18.4 | 0.7% | 3546 | 20.6 |
| 65% | spender | no spells | 0.964 | 31.6 | 48% | 95% | 0.00 | 18.6 | 3.4% | 0 | 14.3 |
| 65% | spender | v3.7 free | 0.964 | 31.3 | 48% | 95% | 0.15 | 18.3 | 3.1% | 0 | 14.1 |
| 65% | spender | v3.7 save | 0.964 | 31.3 | 48% | 95% | 0.15 | 18.5 | 3.4% | 0 | 14.3 |
| 65% | spender | v3.7 save+tea | 0.961 | 31.2 | 48% | 95% | 0.16 | 18.5 | 3.5% | 1252 | 14.3 |
| 75% | saver | no spells | 1.000 | 28.1 | 31% | 90% | 0.00 | 16.5 | 0.0% | 0 | 18.0 |
| 75% | saver | v3.7 free | 1.000 | 26.5 | 31% | 89% | 1.10 | 15.4 | 0.0% | 0 | 17.9 |
| 75% | saver | v3.7 save | 1.000 | 26.4 | 32% | 94% | 1.29 | 16.5 | 0.0% | 0 | 17.9 |
| 75% | saver | v3.7 save+tea | 1.000 | 26.5 | 31% | 96% | 1.30 | 16.5 | 0.0% | 4325 | 17.9 |
| 75% | spender | no spells | 1.000 | 28.0 | 31% | 89% | 0.00 | 16.7 | 0.1% | 0 | 12.9 |
| 75% | spender | v3.7 free | 0.999 | 27.6 | 31% | 88% | 0.45 | 16.1 | 0.1% | 0 | 12.6 |
| 75% | spender | v3.7 save | 0.999 | 27.4 | 31% | 92% | 0.54 | 16.6 | 0.1% | 0 | 12.8 |
| 75% | spender | v3.7 save+tea | 0.998 | 27.6 | 31% | 93% | 0.51 | 16.7 | 0.1% | 4013 | 12.8 |
| 90% | saver | no spells | 1.000 | 22.0 | 10% | 70% | 0.00 | 13.9 | 0.0% | 0 | 14.9 |
| 90% | saver | v3.7 free | 1.000 | 21.4 | 11% | 72% | 0.87 | 13.5 | 0.0% | 0 | 14.9 |
| 90% | saver | v3.7 save | 1.000 | 21.2 | 11% | 89% | 1.21 | 13.9 | 0.0% | 0 | 14.8 |
| 90% | saver | v3.7 save+tea | 1.000 | 21.2 | 11% | 94% | 1.34 | 13.9 | 0.0% | 5927 | 14.8 |
| 90% | spender | no spells | 1.000 | 22.1 | 10% | 71% | 0.00 | 14.0 | 0.0% | 0 | 11.2 |
| 90% | spender | v3.7 free | 1.000 | 21.7 | 11% | 68% | 0.48 | 13.7 | 0.0% | 0 | 11.1 |
| 90% | spender | v3.7 save | 1.000 | 21.6 | 11% | 86% | 0.81 | 14.0 | 0.0% | 0 | 11.2 |
| 90% | spender | v3.7 save+tea | 1.000 | 21.8 | 10% | 88% | 0.73 | 14.0 | 0.0% | 5856 | 11.2 |
| 75% | saver | v3.7 free+tea | 1.000 | 26.7 | 31% | 94% | 1.22 | 15.4 | 0.0% | 3916 | 18.0 |
| 75% | spender | v3.7 free+tea | 0.999 | 27.6 | 31% | 93% | 0.52 | 16.2 | 0.1% | 4042 | 12.6 |
| 90% | saver | v3.7 free+tea | 1.000 | 21.4 | 11% | 91% | 1.21 | 13.5 | 0.0% | 6514 | 14.9 |
| 90% | spender | v3.7 free+tea | 1.000 | 22.0 | 11% | 88% | 0.68 | 13.9 | 0.0% | 6216 | 11.2 |
| 75% | saver | no spells, far gate | 0.997 | 28.1 | 22% | 69% | 0.00 | 16.5 | 0.0% | 0 | 17.9 |
| 75% | saver | v3.7 free, far gate | 1.000 | 26.8 | 28% | 81% | 0.93 | 15.4 | 0.0% | 0 | 18.0 |
| 75% | saver | v3.7 save, far gate | 1.000 | 27.0 | 26% | 88% | 1.14 | 16.5 | 0.0% | 0 | 17.9 |
| 75% | saver | v3.7 save+tea, far gate | 0.998 | 26.8 | 24% | 94% | 1.23 | 16.5 | 0.0% | 4329 | 17.9 |
| 50% | saver | no spells, far gate | 0.802 | 34.0 | 58% | 87% | 0.00 | 20.9 | 9.9% | 0 | 27.0 |
| 50% | saver | v3.7 free, far gate | 0.815 | 34.0 | 59% | 91% | 0.33 | 20.4 | 8.8% | 0 | 27.1 |
| 50% | saver | v3.7 save, far gate | 0.826 | 33.6 | 60% | 91% | 0.39 | 20.8 | 10.1% | 0 | 27.1 |
| 50% | saver | v3.7 save+tea, far gate | 0.793 | 33.0 | 60% | 93% | 0.43 | 20.8 | 10.3% | 1647 | 27.1 |

### I. Boss target check: correct answers to win one boss fight (v3.7)
One boss fight from full HP and full MP at the recommended level with full gear and the 2 strongest spells of towns t and t-1; "full-MP spells" = every MP point spent on spells (no Heal reserve), "no spells" = attacks only. Won fights only; correct = hero + block answers. 600 fights per cell (build/v3/explore/boss_harness.py). Target with full-MP spells: about 15 for location bosses, about 20 for realm bosses (v3.7).
| tier | boss | HP v3.5 -> v3.7 (mult) | ATK v3.5 -> v3.7 | 75%: correct no spells / full-MP spells | 75%: casts | 75%: questions no spells / spells | 50%: correct no spells / spells | 50%: win no spells / spells | 90%: correct no spells / spells |
|---|---|---|---|---|---|---|---|---|---|
| 1 | location | 28 -> 34 (x1.2) | 5 -> 4 | 15.3 / 15.4 | 0.0 | 20.4 / 20.5 | 13.6 / 13.8 | 1.00 / 1.00 | 14.9 / 14.9 |
| 1 | realm | 38 -> 57 (x1.5) | 5 -> 4 | 20.1 / 20.0 | 0.0 | 27.0 / 26.7 | 17.8 / 17.9 | 1.00 / 1.00 | 18.5 / 18.6 |
| 2 | location | 45 -> 70 (x1.55) | 10 -> 8 | 17.4 / 15.4 | 1.5 | 23.2 / 20.8 | 15.5 / 13.4 | 1.00 / 1.00 | 16.5 / 15.4 |
| 2 | realm | 63 -> 104 (x1.65) | 10 -> 8 | 21.8 / 19.8 | 1.6 | 28.9 / 26.4 | 20.1 / 17.8 | 1.00 / 0.99 | 20.0 / 19.2 |
| 3 | location | 62 -> 118 (x1.9) | 14 -> 11 | 19.3 / 15.4 | 1.6 | 26.1 / 20.6 | 17.9 / 14.1 | 0.99 / 1.00 | 17.9 / 14.8 |
| 3 | realm | 88 -> 163 (x1.85) | 16 -> 13 | 23.6 / 19.6 | 1.6 | 31.3 / 26.1 | 22.5 / 18.7 | 0.90 / 0.96 | 21.2 / 17.9 |
| 4 | location | 80 -> 136 (x1.7) | 19 -> 15 | 16.7 / 15.0 | 1.6 | 22.3 / 20.1 | 15.7 / 13.4 | 0.99 / 1.00 | 15.4 / 14.4 |
| 4 | realm | 112 -> 118 (x1.05) | 21 -> 17 | 21.0 / 20.1 | 1.5 | 28.0 / 26.9 | 19.5 / 18.0 | 0.85 / 0.78 | 19.8 / 20.4 |
| 5 | location | 102 -> 189 (x1.85) | 24 -> 19 | 17.9 / 15.2 | 1.6 | 24.2 / 20.3 | 17.0 / 13.9 | 0.99 / 0.99 | 16.1 / 14.6 |
| 5 | realm | 144 -> 173 (x1.2) | 26 -> 21 | 22.6 / 19.7 | 1.5 | 30.0 / 26.5 | 21.3 / 18.3 | 0.78 / 0.80 | 20.6 / 18.5 |
| 6 | location | 120 -> 216 (x1.8) | 29 -> 23 | 16.5 / 15.0 | 1.6 | 21.9 / 20.0 | 15.7 / 13.9 | 0.99 / 1.00 | 15.4 / 14.7 |
| 6 | realm | 168 -> 185 (x1.1) | 31 -> 25 | 20.4 / 19.9 | 1.4 | 26.8 / 26.7 | 19.0 / 17.9 | 0.87 / 0.84 | 19.4 / 19.8 |
| 7 | location | 142 -> 241 (x1.7) | 34 -> 27 | 17.0 / 15.0 | 1.6 | 22.6 / 19.9 | 15.6 / 13.8 | 1.00 / 1.00 | 16.3 / 14.7 |
| 7 | realm | 200 -> 280 (x1.4) | 36 -> 29 | 23.9 / 19.7 | 1.4 | 31.9 / 26.1 | 22.5 / 18.0 | 0.70 / 0.92 | 22.2 / 18.6 |
| 8 | location | 160 -> 296 (x1.85) | 38 -> 30 | 17.8 / 15.1 | 1.6 | 23.7 / 20.2 | 16.7 / 13.8 | 1.00 / 1.00 | 16.4 / 14.6 |
| 8 | realm | 224 -> 246 (x1.1) | 42 -> 34 | 21.4 / 19.4 | 1.4 | 28.6 / 26.1 | 20.0 / 17.7 | 0.78 / 0.77 | 20.4 / 19.5 |
| 9 | location | 182 -> 346 (x1.9) | 43 -> 34 | 17.7 / 14.8 | 1.0 | 23.5 / 19.8 | 16.6 / 13.8 | 1.00 / 1.00 | 16.1 / 14.2 |
| 9 | realm | 256 -> 397 (x1.55) | 47 -> 38 | 24.9 / 19.8 | 1.0 | 33.1 / 26.4 | 24.3 / 18.4 | 0.62 / 0.88 | 22.8 / 18.2 |

